"site_id","biodiversity","distance_to_town","deforestation","soil_ph","elevation","rainfall"
1,112,12.9459082340513,0.164276178883905,6.58917874531835,422.664748104443,4754.8717901033
1,34,11.4061451201083,0.455158530019916,6.66578349753988,673.013739202795,4936.71231955077
1,8,9.67608600335067,0.354996800524089,6.70882556318133,589.055571228062,5187.65222623357
1,5,9.36136549308638,0.233367167667714,5.20760479321982,383.176959191749,5499.37522817364
1,70,13.474295365118,0.0447822835667776,6.7787651223261,580.476431549676,4975.41649720736
1,41,13.8770645363136,0.0322604787805311,6.9358667533915,387.648575825645,4563.50498508382
1,204,11.6039414383969,0.0205696094121927,7.15999458441634,485.911815048206,4709.1593138545
1,31,9.61889584238716,0.283168996069643,7.41236738358978,395.214930870262,4970.12171809315
1,50,6.3253737565928,0.0121550519959339,6.18553095106414,306.224489164241,4467.30257064378
1,0,6.63594609351913,0.0802185712441945,6.83205209717486,265.577582609899,5553.95021346773
1,21,4.98422492772129,0.180573878876529,7.45587113245076,674.935335025218,5166.36532759452
1,20,11.4067537893515,0.411274320123927,6.03765419883732,588.046518095979,5090.44152389018
1,84,12.4965697194329,0.266884342617248,5.91197929785067,450.639754855708,4726.33484527355
1,44,10.8790648153366,0.16791544127099,6.40534980530909,463.573540822159,4865.24302235838
1,0,0.17714253232714,0.246546839934242,6.68132269616777,588.85013360133,4695.35473673674
1,29,9.55566774644617,0.000282500357192666,4.9746227062968,533.748694103028,5314.98642806286
1,42,7.2101837941761,0.000355915474491493,6.4881580393108,535.87563212223,5566.42765136088
1,149,11.3626430547044,0.288428852411227,6.18616482254532,490.350157362734,5036.60842170378
1,35,5.1816782779859,0.0502266344176829,6.89135027275747,388.268132309653,5861.41320776423
1,105,3.96558601375099,0.000833189172714246,5.8718074727281,286.503359036205,4946.9360625744
1,46,13.4199299018999,0.00438489520130181,6.97557388906965,540.801507020422,5161.14451290546
1,125,10.9471088554655,0.166869602925823,7.0783391888778,644.123983563466,5026.33315024002
1,78,13.128058300001,0.00482384234915678,6.31741034051536,373.635384939665,5197.06516937556
1,178,9.36105251012233,0.111474670612309,6.85107595984262,587.252870921285,5312.5384548205
1,343,11.1913011449258,0.0843810061338078,6.78632224736602,552.721364043326,3989.73065348026
1,49,5.36904249786636,0.00452924060009893,6.46084051559213,450.404784422804,4910.28980786993
1,6,9.64540089506411,0.0260499351947647,5.81751994406286,451.696048743635,4907.04429609919
1,29,12.0540936542488,0.372224343279619,7.09062735443655,489.843136154684,5663.19010402823
1,4,3.83283304655018,0.0231692423092915,6.59780536117549,335.520406070299,4461.55510028956
1,47,9.67172798270034,0.0690807081151955,6.71766411724833,727.537851942229,5074.04141554431
1,59,5.68061906444648,0.166032269774989,6.91114094193645,340.843816278414,5178.9836037723
1,55,9.02399508181555,0.290878741387768,5.78973596502555,545.014267456188,5104.58344362598
1,161,8.48415733632188,2.44984301479609e-05,6.43595226829512,544.67463902142,5229.05042694729
1,77,13.612747117263,0.315406285786694,6.59941951385238,501.8246954233,4883.68172624526
1,13,8.50306330448637,0.027799364263755,5.92491272355631,521.993555954881,5578.73527208376
1,120,11.1687864451182,0.013936362365989,6.45631363823865,464.576911212187,4747.15330469739
1,99,11.0119956245912,0.00564129333122189,5.61563597343264,569.701600745541,4802.00622279352
1,19,8.53221534984932,0.0766472941120686,6.48354849362944,356.841338489398,4854.88480575858
1,38,8.2876868179235,0.024426099001686,7.29747350950884,480.916138143131,5221.7825269452
1,31,11.2850921925289,0.100328127152744,6.42777292140034,636.419493816244,4606.90275227807
1,137,7.38261448838158,0.266187357254306,6.19094391161725,418.07827285232,5332.06304656365
1,119,9.98592695992377,0.00124643544704618,6.52909661010446,497.123792080363,5472.4874837813
1,36,11.4861254469407,0.440672958863413,6.31338320100652,432.437269054615,4707.15433876112
1,44,15.9184560381083,0.0372104655899992,7.45711313597927,475.33945265144,4838.31841745525
1,337,6.40941362814208,0.0155315563109418,5.27651630896486,579.153646358734,3469.49353351922
1,48,10.3913154433505,0.233292479215703,6.66752167065983,650.232455172777,4847.91581576428
1,24,10.987178920558,0.137006651606865,5.66040751026924,526.705341704926,5763.72078157829
1,23,12.004474904857,0.0150548775319253,6.88542922722143,425.202756977481,4917.88979847214
1,20,11.9169788721133,0.0895107007448892,6.86514741637709,515.871483468527,5254.22203503692
1,164,15.8213538890457,0.0116483911390315,6.82103840540906,644.672321964046,6033.44426430522
1,19,8.33638280580272,0.0872249539438965,7.13201053230379,456.104005841495,5814.15144647946
1,64,7.70286682288959,0.140304725203663,6.21063658867238,400.500575588773,4739.13580799531
1,11,8.05991691606884,0.456508179110013,5.30655411369536,455.180507082103,5053.53330655529
1,71,6.91740743877147,0.244650238496577,5.70180049477878,511.814148239813,4581.3755599736
1,6,7.95730578561756,0.0470139802880745,7.38899923418863,531.614513042807,5212.11101330782
1,10,5.69916801602989,0.0044338560131901,5.90822886664828,575.191910134913,5004.26884111807
1,149,12.6864805374853,0.117493109720067,6.9855769412594,440.082493142971,4716.07487995176
1,17,9.28281618854563,0.421959667486636,5.66473332187003,497.970910764904,4415.9385117374
1,93,13.0012114386128,0.0759295091199739,6.60072141261354,566.957438658297,5596.61658122246
1,126,9.90223006049155,0.0301848386620796,6.89573983980903,631.043031858248,5673.35687738143
1,199,14.7788412286372,0.0616191694814381,6.14071899393267,754.95695215133,5053.4788994805
1,169,12.5805922968339,0.360512547827445,5.55697680055666,436.210212619164,5412.22340326791
1,44,11.6151093026922,0.154834993115944,6.5613280909099,283.97105707302,4293.48148235589
1,19,10.5257372134502,0.0987079794750444,5.92211595472753,514.867265792004,5997.1212444315
1,89,14.9376944205235,0.146119314841093,6.70591875830536,409.587330109109,4962.9789837639
1,79,9.61333618044388,0.374158521021786,6.16080605048463,520.370646418621,5160.29294161444
1,12,4.0134880608869,0.417555167963613,5.90853080460897,328.978808504243,4510.77844670074
1,92,12.1439181682152,0.391436589145252,6.30226610917841,553.149650871995,4704.77229339409
1,74,11.4750986888765,0.171832248958516,6.46279382575157,470.612845186365,4495.66090052329
1,9,3.64356222646942,0.0739808525684074,6.74147926394163,206.228225084927,4141.34538275738
1,223,13.3939553643274,0.195950456092039,7.2983611990526,355.561990356658,5670.09407156351
1,41,6.37535415936139,0.1612219080482,6.91797971507886,350.63592323166,5505.39793035805
1,13,10.8875977557814,0.223585250271855,6.30708884241165,501.244744773055,5510.187262667
1,65,10.2258060701946,0.000733839148381734,6.72957293000743,404.463017446184,4967.38525794317
1,15,10.588480744924,0.0218819917617138,6.52125176985742,373.438374170317,4848.10337262499
1,50,9.06172330077594,0.790117618810499,6.11354157782908,448.622692175952,4573.308965112
1,147,14.2638704404247,0.261745494723859,6.30001667929499,429.137027274662,5853.16360303883
1,18,12.0504116515007,0.0724088412057628,5.76024280825821,402.016421645673,6379.81171946215
1,133,6.88343112666586,0.00207982961001785,5.35792579418848,568.079563338486,5271.28982200048
1,36,10.0470480682077,0.203279601904057,7.05313153659311,449.67369638672,6038.21478772734
1,27,6.27037096496814,0.213709490412888,7.51668978054918,539.844703754994,4371.40881119164
1,22,12.975576944783,0.0557662009598571,6.38231173452565,591.589736063012,4359.82408215074
1,134,12.5918954187953,0.00163313916610145,5.99620108259593,606.874575540118,5112.51073773872
1,65,4.73488435373338,0.0517887474293752,7.23269103450013,277.018472524088,4394.62871978756
1,33,10.4464246555485,0.0783316434391104,6.70766125728865,548.279196388757,5399.34543435067
1,195,13.3302236810742,0.375004819654295,6.25080731720587,479.956060885146,4687.24779966362
1,140,9.45174125685006,0.0139362479864759,6.69041263022423,493.007356282641,5441.66573136489
1,33,9.23443669596607,0.410502273278054,5.18902086951292,492.114256113226,4630.41877315072
1,64,9.24718993892892,0.00100697636552758,7.44926907255168,521.87444319724,5668.44096573056
1,132,12.4498628778074,0.242520599608841,5.7793348323273,648.869903633809,4565.64729807877
1,30,6.31775398759097,0.0929805066255221,5.74405131041209,616.086278069579,5383.91932868221
1,8,8.43630966337809,0.109728920950719,6.20702844281508,757.171737572595,5870.46348280168
1,12,7.88586265429617,0.262473276460405,6.1191501474438,589.476164464054,4794.56137056122
1,16,12.062312410556,0.458257019859471,6.11490238623467,424.806212487415,5179.32864728472
1,194,11.6427786866055,0.019379347039663,6.17091921613499,225.9194142727,5697.35503217136
1,63,3.80244158932465,0.146365508151757,6.97212174824569,573.703277563608,5486.2743370442
1,39,6.50254375379623,0.110244086538359,5.809725656105,633.05906322632,4369.94596197565
1,95,6.4622484180917,0.163112112183896,6.65479597910115,572.702742950548,5175.51737199025
1,135,9.91072192032436,0.212452544520961,6.42072409685485,558.218098359083,4411.04392568507
1,24,13.454565372726,0.0388613082434268,6.04476757541704,510.062734741131,4088.35799147926
2,208,16.6259851079055,0.00277943439587345,6.90404677373865,532.984099397093,4223.98384079339
2,249,11.3203983480617,0.038084496717703,6.32241071252224,472.767270673884,5757.82949041443
2,37,13.1294979626536,0.00311549780656695,6.03650147896061,607.11256360628,5211.00269981127
2,2,10.3770302347668,0.00762132566418085,6.11671496690698,544.787312471,4628.72709898552
2,51,6.20425163553208,0.0270025300311231,6.25906486540398,463.323311540025,4219.81724791137
2,101,11.1230801110457,0.176468828982216,5.96818897323047,685.838104267572,5769.75087422912
2,25,9.40117175409936,0.00512254086621105,6.43220846305411,652.695944754125,4711.51335074203
2,125,13.464348712832,0.0105933772508023,6.47261925796941,440.322554237385,4835.5371530177
2,29,8.31488287053805,0.673897422996067,6.44115065195494,440.670603499774,4900.79448689556
2,39,6.58673017915341,0.0285242341194795,6.60731802332725,482.989020281358,4862.39886466244
2,38,6.11988972091131,0.224118651796659,7.34009562247465,334.664900708533,4794.40589355859
2,73,13.374435830419,0.428257615953234,6.45337362275668,577.674817739764,5172.95072545371
2,54,7.89699781847922,0.0283750071347996,6.90905927635212,482.76676652766,4696.67061429595
2,24,9.91337257096922,0.00247946089147811,6.40148357794427,535.28157074672,4285.20630778823
2,48,8.12507533753928,0.114295343352138,6.37471498952004,325.14043076032,4178.71987527782
2,31,4.50889594060664,0.144487439166388,6.47076104654854,434.669177918273,5133.41829108738
2,129,15.7143795023605,0.330249945519718,6.57177566583045,355.96694281,4254.6325769128
2,61,11.5897573448779,0.0184558667863035,6.17980532762035,313.714168078891,5388.16747107391
2,0,9.20562715309827,0.161336124195047,7.22883357464133,552.550087955041,3386.65928538241
2,147,12.7214417368105,0.204972553417985,6.88130532858447,502.805955961629,5107.46617456612
2,84,9.2041942660358,0.166796641963526,6.67964195090659,498.206642562252,4662.59147251571
2,28,9.01429758694959,0.0129257844454325,5.73086612547046,468.916062945811,5183.55403624874
2,8,6.08897091532459,0.00505261180748851,6.68492169697862,628.153583108318,5582.23208556055
2,122,9.40813169052415,0.108173783374031,6.71718238223614,518.121384856318,5052.97251657438
2,36,7.86567983313033,0.0199977920218206,6.22881752679189,359.826395142051,4427.13798128467
2,88,10.0865241330393,0.0312186471149714,7.01449351354801,525.407909723353,5961.31155847881
2,7,6.77951542235798,0.0317301863666179,7.94916968843255,456.774220512623,5052.09221512179
2,77,6.7246238073677,0.178815518383814,6.79675648055693,464.282199360883,4681.97795811126
2,7,8.29297111704502,0.0371673860268396,7.24223264873608,429.549229903033,5528.39514626982
2,69,11.5586743767333,0.0101475524764433,6.2672727729557,523.430039378574,6308.64797489356
2,45,7.08947514064996,0.371484146670336,6.89197664079371,590.862773689712,4831.60487050996
2,66,10.4005557234896,0.0618151227602874,6.3742882623773,723.553427470511,5446.39386930364
2,45,8.05085056583521,0.388625642760384,7.5310002946091,601.315547461185,4986.40412928344
2,73,10.1101919523327,0.245675339544573,6.6950766821949,576.365031763125,4561.7455085183
2,62,15.0724211725602,0.000285994889583101,7.23106625324017,483.694453607506,4870.52547313864
2,4,7.47099630251363,0.0771511627326942,5.99498856461472,627.190884485864,5500.09858710439
2,15,6.39768363571335,0.0605486982553035,6.12570952678116,653.663479906178,4731.99726503518
2,542,11.5842334277548,0.209262957116485,5.8396950869679,544.361614370567,5750.67486243192
2,50,10.9784319186795,0.0600217389233917,7.39103361522475,618.938519458784,4666.65418396037
2,145,9.10027276068345,0.0205445710187813,7.22488796008181,365.43675363147,4845.47447512064
2,46,11.6552139897599,0.105188174711156,6.43581583977585,514.973156426253,4458.47188481253
2,43,6.26048362216135,0.192292109611264,5.99942878165433,522.113017908925,5016.47787008055
2,147,7.61064099971117,0.0844555644328934,6.77881735701361,467.301417856914,4950.31086638145
2,21,15.2300489496979,0.12216285080194,6.67327972815567,605.784870233407,4872.1370888362
2,40,12.592153974393,0.000362428960727398,7.16468706675207,455.76212911592,4290.16575542323
2,72,12.1936116597192,0.0452004141098125,5.84680143140579,403.895081309791,5202.19327195446
2,100,15.2054998398489,0.183359167847306,5.95549888569726,646.028422692926,5432.7778710625
2,111,10.4151315545351,0.129356405307488,5.730962707373,516.352533221891,4497.30095315382
2,225,12.6161727937903,0.0596554558812603,7.11576863651292,617.846227003846,5545.57212905495
2,11,13.1507462575207,0.0365322404298535,7.0950341607662,384.992191367123,4680.95319511336
2,83,6.58768378268382,0.00463391018260386,6.83687446203793,530.673917796061,4776.45343049252
2,175,9.86902860425111,0.179083555979144,6.44562824603836,562.149816680017,5112.57758716785
2,138,17.1805905217483,0.188713658687447,6.49296541142335,436.19968562432,5234.60461052613
2,124,13.7333203904512,0.00262625786537837,7.20132407160316,594.263950635843,5075.47777841826
2,46,7.69836082782607,0.253302311228115,6.54237577239106,509.480319498905,5020.36572260806
2,14,1.14545573823703,0.0849665573604548,6.09025430329308,556.772388685085,4962.04225236529
2,18,10.9877175835955,0.307862539244127,5.78750704032459,262.164426873714,4532.71845143843
2,230,9.08271516813064,0.159307294466573,6.83848838433429,435.493924060663,5339.6324849725
2,27,7.86239706577523,0.00308247832916472,6.68836617357982,381.864330747547,4985.00224284178
2,40,10.8767434051807,0.548743999233718,6.93252396651973,532.171741478413,5425.04478520708
2,62,15.2168262740207,0.335976306620492,6.56346587495581,662.742320473361,5185.43325632663
2,78,9.99228572726252,0.00680329251552171,5.98253970933454,754.585481941098,5560.24233857316
2,49,9.98660705008895,0.172520682677734,5.78731491893098,536.847010368949,5073.25084649683
2,48,14.6859794147261,9.15901637574745e-06,5.72525083353759,668.223338306241,5432.7381696477
2,28,8.85848213526446,0.00565272816270579,6.52873418781201,536.75621322405,4845.24900047608
2,158,8.10134264732896,0.11957464768026,6.35446869110559,632.197801715579,5004.34833939534
2,170,10.4110574138576,0.290564643231539,5.59649703594565,599.4491543771,4934.52518902592
2,13,4.82406082407862,0.033473649671094,5.95979453428243,317.406610418339,4889.35957293301
2,88,13.6687174255157,0.6206758870459,6.18098211017627,437.733028236628,4765.59195894549
2,95,16.5881201205888,0.62217634620769,6.68406100389137,448.853384843591,4840.82128378596
2,7,8.89443002989673,0.0201511866385413,6.58090347352153,549.458251528883,5154.44390205111
2,27,12.77773205896,0.130642456072312,6.89894402356946,478.535383097211,4344.17136113956
2,2,8.53156667018876,0.0441468199294736,5.69890947931975,496.975906743623,4911.56227639251
2,9,10.6226570607758,6.94462233063705e-05,5.81957053325198,586.422704235336,4559.97750477997
2,104,11.1943833948245,0.0344515311850331,5.94894225522754,561.535783588177,4340.54812600856
2,163,13.4681125290192,0.0077534276867965,6.81086508565306,458.624725215586,4752.55112966571
2,10,13.7263935746371,0.346427321222888,6.50304569434288,522.717783820059,4954.02636074377
2,16,10.4977299476313,0.0408405316685036,6.56577498574225,623.656714290599,5705.71929954732
2,87,12.1456530833781,0.00704239668594618,6.66179860506814,620.787085566927,5041.94653191851
2,29,8.86478704095365,0.000109865314277251,6.17152520284082,540.787522295265,5736.91859549918
2,428,12.086446089806,0.00253771029271366,5.91067586416543,363.694946957838,4233.62238748413
2,6,10.7638107338726,0.0539988254625512,6.29696293740434,552.564046670173,5765.12765632077
2,101,12.0101239051102,0.0378199871277174,6.40306714277626,637.456095736102,4335.77477245417
2,40,8.00543532842808,0.197691100894185,6.29320873748067,636.332474240849,5326.9935977247
2,20,8.87424996844828,0.104406632758983,6.64097383692802,555.36530423952,4744.22014419446
2,45,12.2567345022427,0.169687518816509,7.48323143267971,682.770847984924,5900.94027061332
2,48,12.9896654512596,0.0921143248301707,6.57831516439849,467.483168862846,4621.80159553524
2,70,8.91908899552802,0.0139237622299571,6.44222621295958,733.444726929749,4913.1115620035
2,81,7.98981998297542,0.165489500206373,6.52774408022532,596.427163822344,4495.8124191228
2,210,11.4354782833863,0.051899381539377,7.12083483924391,492.536411812456,5601.55876847751
2,16,8.23395637224371,0.0140891897780292,5.71205706933534,495.110472491803,4897.16210320152
2,39,6.8642584701988,0.165405884188555,5.9631170389372,479.814979589247,5723.92785754077
2,11,11.6660241964073,0.00780701617090161,6.51235483445406,521.699680382565,5244.91527092796
2,93,13.1965655389059,0.0823493355417502,6.68602009972082,449.337151279107,5049.97188115839
2,119,13.8629486389574,0.22538969815247,5.75906197436882,471.055734848592,5174.23617946369
2,25,11.7504253041815,0.0338018988928937,7.72016138907224,460.552170312041,4182.35376793077
2,258,13.792393973012,0.177918018617945,7.02152698574699,647.98255337958,5145.27119488051
2,176,11.4652453355582,0.0647194049186601,5.86387973840709,496.468019308858,4235.17462674197
2,80,16.8896496848549,0.357176235810648,6.50322939567031,556.185923457832,4990.53020409614
2,0,4.56052504756558,0.364607721208338,6.75013124157762,479.103254475431,6222.9652001258
3,35,10.0065683837563,0.408473304321672,6.35645345464771,480.716804229518,4833.23887214213
3,51,11.4260930038175,0.0179522069430795,6.88819691099807,415.553575660108,4482.36077937198
3,7,7.66677251106533,0.0270937289858573,6.58731295119456,415.919378707319,5863.29093078344
3,122,10.6161330250714,0.593897228984424,7.02629936882276,556.782047420343,5150.06572803539
3,15,13.0676342251355,0.380332138976799,6.52310546522901,498.989883937154,4700.27714760177
3,94,6.96976956879225,0.0855694703934388,7.17033373041004,523.765285783106,5081.9268022204
3,6,7.74419947184892,0.0504116272623854,6.26008032218169,556.576935657666,5044.73120921171
3,301,10.4325772969441,4.58317288162368e-06,7.12609474688672,391.550306450443,5860.33951579193
3,167,12.6416746863241,0.178641848319835,6.51335020117655,575.016816394089,5709.62950101516
3,34,11.2940838235188,0.00200903901747543,6.55355248325352,696.117610501502,5149.75261900287
3,157,7.92716073993911,0.0880287727881908,5.99051305536489,538.290883253621,4356.65008807837
3,31,11.6780222811143,7.41740339525113e-05,7.01408223417666,301.64929231018,4947.15707448895
3,41,8.30862843828041,0.0618824606145645,6.32433052221914,392.780694437193,4885.95288455266
3,11,1.7730474613551,0.155112811083486,6.39028604717784,360.514962007599,4836.12415599213
3,89,11.9280479392264,0.203624960371244,6.65590958876033,454.796254112037,4437.62906204354
3,136,11.1976803474251,0.353687148921135,5.72843450985186,488.297548272926,4232.5385643342
3,184,12.0961389829661,0.21810052227402,6.26402798388177,460.247605446846,5097.25865625053
3,134,11.5673712218164,0.202070384828618,6.08027826901573,540.23545007075,5485.07354646511
3,38,8.21043119676482,0.168773507757534,6.65429518595285,444.04750498084,4712.00762620761
3,35,13.2388573188759,0.596545588478821,5.50298424447362,401.65089389882,4932.72703909686
3,43,8.04379544288318,0.29138126798872,5.8991010337652,352.290566127292,4891.27557726403
3,61,14.4864338963971,0.112203438299119,6.94670826431845,414.095308501294,4663.97518512146
3,105,10.4031945553164,0.0705732861294887,6.46718552959507,523.675411019957,5579.49376654395
3,119,9.77945076745916,0.00192736095554215,5.83206580510874,446.832760986053,4726.57824913708
3,54,10.0788235876755,0.147989226769525,6.02086636642424,303.774879636929,4873.658145423
3,49,10.7179628625288,0.037956985952278,6.94074674755587,422.349766206973,5124.95093737457
3,62,9.74610712270009,0.0557689466438225,6.42391383038776,396.488894713303,4248.53164279183
3,69,11.377063259322,0.0438282031713264,6.34704843339876,512.171457492358,4968.83171512544
3,70,9.23232700797007,0.000879942773718855,5.64549905310284,562.362180027166,4792.15428718471
3,85,11.8478560683515,0.26839846116357,6.55701948260669,542.152153134182,4583.97505377198
3,127,14.0413552913796,0.00499087136545147,6.62663803768307,554.796621477481,5370.86271835509
3,22,12.0274860498186,0.00515329629683488,6.28858592862028,609.283806611638,5060.17858460668
3,86,9.34085553839798,0.0885739634243059,6.9987817637434,533.225169468584,4904.69538043962
3,2,8.88144326727181,0.371365296009282,6.61002902121129,379.134240561841,4738.08247106134
3,12,9.90403019656855,0.117503648849645,6.25466078604787,510.271663648078,5163.40615872178
3,39,10.2618410786838,0.0443359948942595,7.35332434175529,521.656174212199,4970.12029483715
3,70,9.80933394418748,0.651992465742986,6.75341081439831,630.76746870129,5585.80216554172
3,13,8.45304800279127,0.179877061945462,6.48117125061712,471.800438388206,4878.28061228086
3,163,10.2342318174776,0.0541890054879091,6.15728410470458,531.454169291089,4853.29495318736
3,59,7.24993240694614,0.0815935730649896,6.89658675154166,579.257176459427,5153.29354727462
3,150,10.6523763028858,0.0339229733501699,7.10601121609236,610.104129343595,5310.27004026753
3,149,13.2750684994564,0.0693017056749173,6.39391098824037,422.981088112168,5417.30841999361
3,41,14.0949550031502,0.0202229264628765,7.61639546791569,677.55275058169,4427.42761858347
3,127,13.4025526208439,0.00744504941099295,6.71848544121174,550.777739728094,4435.21810168913
3,7,7.26932993985446,0.190063366178995,6.61705613901152,444.818618310978,4387.19046225286
3,2,15.6749831006814,0.208221084836744,6.15238706158477,680.986076895168,4400.83925818102
3,249,8.30594681623672,0.0323741974754196,6.96974438786887,406.315119776425,4080.0239341641
3,25,10.7735036451929,0.079180491395121,6.15222088880796,556.390963984106,4332.50108962081
3,56,6.63413425822392,0.113755631300648,5.96518717938215,531.563811655834,5486.47695639695
3,155,10.4593519280904,0.00143162125086491,6.53391816497116,487.685331187923,3873.53860922072
3,47,15.1874130779039,0.0565094173675992,6.38339438553965,543.999434332731,4892.05175882966
3,19,10.5171707234418,0.00590900151846499,6.11153610818312,468.905834263471,4245.82597853019
3,12,13.0778895991041,0.409604007761102,7.1486948301127,323.071552754743,5011.91699563067
3,54,9.16684532175635,0.29764107559263,6.8977371184758,510.637047689351,4446.45698764508
3,82,10.8161824475512,0.0754788585559715,6.42644533584235,564.760303949935,4548.95270115894
3,0,5.27755163992415,0.0073678914413641,6.7235504176877,416.673016924766,4652.1259006914
3,31,10.443743723546,0.262897475526328,7.354209560349,282.99232848919,4094.84867502965
3,1,9.51669876634521,0.00265942112472685,6.97473480459327,597.737269318293,4304.04957251176
3,42,11.657226377208,0.069824319348101,7.27686627353912,565.102422068223,4360.8426742398
3,76,6.54738021628183,3.37492994119515e-05,6.45118451551917,416.346391134156,4754.33928537013
3,54,9.28381824333511,0.0927353041813125,6.3326752102524,565.732456011595,4624.6187543559
3,1,8.96939000976199,0.042762572612016,6.50076317074769,600.502595964949,5343.86089129877
3,14,11.5883943372775,0.104715245327407,6.64346272084098,438.362567363764,5018.98266665221
3,17,7.73147475021144,0.360639722688931,6.76439726686473,360.242737007038,4366.44476223248
3,6,2.37769726091704,0.427429827215228,6.41578478514448,259.365797418926,5182.37602220231
3,19,11.8252249927187,0.481612293063679,6.58318298327121,568.692240162213,5171.85688457082
3,8,8.63578574698777,0.0523703668446128,6.93097190780431,570.30531178568,5236.98049425263
3,134,12.1862988679291,0.346006537019134,6.13769221400583,621.130022662428,5228.45915517741
3,170,11.6196400445161,0.103458538945835,5.64046282519569,586.899247141148,4478.98353530022
3,124,12.7750232334602,0.0842457010644943,6.50938060657665,608.180707877758,5349.85124291878
3,205,12.6845515254357,0.591914540802918,6.65913821103529,470.487571702514,3952.2753091418
3,68,9.4611136754164,0.210557353537356,6.09050954021652,449.521005519922,5388.11900543202
3,45,5.97374332147876,0.237917206525052,6.12563878044788,427.378217560693,4524.01722255399
3,24,7.5553225202861,0.187392028358023,6.79089953283862,400.027912849326,4720.16991480452
3,40,11.7146316972423,0.297739603489255,6.10397673838395,575.539869385171,5528.15892840499
3,136,10.0913150427752,0.0183189724635082,6.52752636831819,634.863930220417,5074.20336746956
3,47,8.13897750638433,0.000167307562400607,5.85361443055206,464.864011770163,5398.94971640706
3,86,5.23531484734691,0.0604357930334538,5.99214822751003,536.409032732947,4429.82242324769
3,71,7.19368212750761,0.411899606476133,6.8547036333466,602.165230136736,4547.82108213163
3,15,9.64386471366992,0.0150074225381319,6.83859872514949,374.106741334572,5579.82116434809
3,28,11.994937813628,0.17380702494759,6.23028727589654,492.73480298682,4773.92794038801
3,151,10.7193064655899,0.00252791419349507,6.89254895949881,411.733973733476,4609.74059551018
3,111,14.091417918736,9.4288321077883e-06,7.05133998783191,432.129595400866,5607.73507327345
3,79,10.6706102270377,0.118456841292854,6.6544039459544,395.929095051853,4781.77092236309
3,213,11.8312153467457,0.202889384734596,5.96453107920427,556.409533358191,5939.48052576784
3,1,8.82458336383417,0.0751002420826883,5.58897105607494,398.639322246138,4795.22387328925
3,27,7.66299761926157,0.0504457422552596,7.12178291478652,478.014929316341,5507.86912985122
3,15,10.1918141828305,0.228635795967121,5.84257807989265,575.141381467972,5030.56079303165
3,92,13.2914604550387,0.302877317584734,6.43316614262237,448.765959098482,4398.22095375536
3,57,17.5995797860404,0.131076601214556,5.80637938142601,488.301836974906,4823.1292184865
3,80,7.93038356227594,0.00247717572204998,6.61899544735489,472.063033573251,5337.39481373525
3,349,12.411036562619,0.272536177307907,5.93485030790206,481.8039432329,4802.24814773275
3,3,14.9733632098631,0.0013803492889799,6.68784890329028,745.859168459909,4595.18179677243
3,0,8.74887020383078,0.0371204774434776,5.97614100957387,402.898033607063,5276.89270577861
3,28,11.0141418253875,0.216074479638916,6.28300771830395,544.977946832478,4709.41476320808
3,26,12.1153803592672,0.240689626600198,6.99246451534015,577.553490560291,4528.07497903367
3,67,13.9375546206934,0.0206692262632638,7.05117670324793,384.331830240563,5014.60774197929
3,104,6.31288122833737,0.0436148536252365,6.40299086036433,569.966321403348,4285.37552058935
3,76,6.17741086961728,0.0108263111699834,6.97019093938239,512.923085851634,5011.63182782289
3,55,10.4095964493697,5.51345365107495e-05,5.82827890325977,480.650740894184,5143.14211160184
4,212,12.1336085334417,0.00023267622894969,6.24111521816802,686.51822563568,4768.0463128801
4,2,8.10287095354361,0.0523959617627275,7.26093015070738,490.492221466974,5808.70013466414
4,46,9.04626921219161,0.0389567119585972,6.52622301229599,547.908259019796,5031.11140977105
4,119,13.2025049870827,0.149719778959829,6.16934983531618,400.740395438159,5512.80347698839
4,174,14.7767654945151,0.121394749302738,7.2504517956274,442.39804188701,5658.94729903518
4,2,11.3480772976163,0.640255854889601,6.73771620728283,447.025950359178,5507.39397805626
4,51,9.67553668836732,0.0400712801132081,6.99360222071313,488.91628038518,6124.20462076463
4,18,12.1464227532313,0.328900238538783,6.02802388214091,543.030501601582,4309.98646358268
4,95,10.5395040098237,0.157633870658072,7.18172815441927,481.830311755602,5138.98068012216
4,6,13.9557510579451,0.0684280482138083,5.9894347722111,557.867173121036,5020.80349849092
4,137,11.168934190159,0.0312847235683751,6.00637866698487,596.493830688331,4949.74661550965
4,64,5.99449909381174,0.0379463140191197,6.45889074812895,522.83145856436,4697.9881946719
4,0,5.17124924270315,0.020738179682643,6.1129488009478,347.56258059259,5250.93868997499
4,57,7.39057773094125,0.0318451972188636,6.40173546729839,492.9729260541,4461.81688251729
4,115,18.7916038610107,0.0269699321737795,7.61347127542866,453.344586803762,4757.44040994827
4,60,8.73525936943254,0.129937363737537,5.63350328361894,455.412541115348,4880.6526721047
4,40,9.88051083673268,0.00253489379012224,5.70556752217724,264.430250802518,4962.60553417661
4,57,10.1143800648021,0.32581200997998,6.8889026045927,417.25594533668,4559.62242990062
4,178,13.1276815356876,0.12440931222394,7.02048786368408,460.609279575089,4815.09385950752
4,85,8.07601718563887,0.118522368409135,6.99243670251167,519.092339865366,5056.06716195078
4,68,6.79460309102561,0.0173148388688589,6.58871234056641,560.957687094615,5213.46221679925
4,62,10.5995540744927,0.0116163211724483,6.82702840574776,568.316464553485,4703.63193340785
4,104,11.1644862458268,0.11996341107438,6.76525498571308,514.386981877835,5355.7756182633
4,231,7.96164803980486,0.0119887303388803,5.83255686217905,505.278189710656,5111.33716671661
4,71,17.9715123347343,0.0622415946295741,6.29356482390427,514.013399416289,4926.95115247736
4,37,9.51024841854822,0.0405819020414151,6.89943026942121,410.39533995548,5048.45209059604
4,71,6.92690804127783,0.660447560582179,5.78882231547759,458.227350305932,5909.57756941467
4,14,12.0577726469063,0.0132772073780414,6.94712386145102,562.000654426984,4236.42260852834
4,21,4.14155651144169,0.19313822549307,5.82798402652174,478.354773651484,4939.05686539839
4,10,8.90612194063502,0.290164868428748,6.1537712781235,382.393347692152,4931.41635925753
4,111,10.251104945854,0.00313681367619957,6.2173645099859,542.319134658266,5184.74635562578
4,23,8.12508576193204,0.108375817373365,7.46768677585686,224.521716049514,5054.51314777604
4,172,14.0152735798861,0.287314280055296,5.38446347820906,540.664985759649,4532.42321463164
4,67,8.56528702018358,0.0066530703238925,6.52696075652263,511.588215119019,4562.40327085089
4,46,13.3937167181064,0.241699942852219,6.90206737139947,454.203324675788,4978.60806524702
4,18,5.45493151558189,0.00933839007582873,6.42677616058551,529.848078172038,5052.17510876808
4,111,14.110905345551,0.190011097679073,6.67704368726055,559.491481971169,4794.38955013606
4,84,3.77453642087039,0.0306026307407908,7.68024694620684,384.925269702115,5863.55189327172
4,52,10.0259641121905,0.239114411700054,7.21366979867181,456.305374947777,5574.43132871236
4,27,11.3288413556955,0.0680946209175789,7.48790969532175,474.940921716477,4531.79751712148
4,69,8.03957788420197,0.000881156118483837,7.28777432495779,655.580492288987,4955.31029671752
4,16,5.22742297292548,0.0575993516616431,7.56808971677124,528.068725425534,4956.13114297844
4,7,10.9823168513038,0.0015466283938098,7.60559866160724,380.219160946313,4469.13313790651
4,50,10.1056543219733,0.0670881359059854,5.7539444932016,570.262712814591,5094.59565665957
4,9,12.1736656056865,0.0242920114759032,7.15041952784711,556.30136941101,4793.75845018175
4,88,14.5392249671905,0.278582178702991,6.67750510628138,537.372374061799,4593.49429610964
4,32,6.54821813408217,0.400770174759762,5.92770492428999,412.669558881921,5742.48736565391
4,59,11.4366669460785,0.294366209386788,5.48490132676084,491.640160690692,5161.72846487718
4,0,6.56350427450865,0.291423215198843,5.68093316821738,515.776841010641,4891.89260358812
4,36,13.8897372104487,0.0226826774669693,6.07147524640266,314.265650847797,4977.4051480837
4,29,8.77317478255504,0.000239619092116802,6.60352636289211,280.965492548032,4908.45529183891
4,5,12.3894801418528,0.0826160294810821,6.65509188022914,397.053970021831,4322.87539613236
4,29,12.1687696796861,0.0121843629712717,6.50050391658828,546.773279725964,4959.19056774564
4,34,7.72608671905386,0.000597554643829486,6.11626673564453,266.532755624917,4671.19667066436
4,19,3.88027102484235,0.263402256282434,6.98091780422096,716.870389477677,5182.84476235116
4,29,8.47334086954122,0.616045021424048,6.61244890961326,645.978299417113,5675.21723062607
4,60,12.1874120940969,0.00472597824376182,6.77593315267096,248.916262440949,4699.74082128903
4,367,12.4457978744839,0.090618561105025,6.55159441931775,686.530340020996,5939.67870106059
4,63,13.5240266097745,0.00128784682830565,6.02053444231976,445.92989726881,5661.04496800601
4,28,6.69226837973164,0.0220157868107431,7.06605623563115,526.614125192814,4370.84029637271
4,2,9.26395457037539,0.216795883888746,5.86873911308754,538.903022967174,4584.24289040636
4,5,11.6499366251214,0.0364330771698225,7.15084505409471,300.562920567408,5535.04540257063
4,24,7.75198974363167,0.181579245359622,6.96117548565964,486.170416370924,3628.40281798437
4,31,8.04365810915783,0.0184604408551349,6.57718822336595,549.872685535615,5146.35345815259
4,56,11.3254513980023,0.51022708254586,6.9785951724859,297.137158786035,4043.79771363843
4,0,8.41263295287596,0.776875717873578,6.94837932466318,471.918491309528,4797.99848666547
4,5,10.5140133147326,0.127490639779654,6.78321359645585,668.857494603942,5170.16287910666
4,78,10.3495451713957,0.107955670542358,6.06859656181085,460.210888272143,5905.55634095957
4,12,11.7716104431464,0.0177483408491342,6.42756516981009,502.840207952173,5587.03936676066
4,27,7.8674411866616,0.420977655463373,6.47952226063294,529.591797197603,5165.03165434781
4,308,15.2323070136996,0.530110643748909,6.73695043739948,496.412080137881,4625.46066840219
4,113,8.72582341747097,0.19846929232785,5.82817866866227,562.389681302823,5209.67788596887
4,97,8.7625443185916,0.0178363746810417,6.77273580549145,343.98690056207,5076.65537010787
4,10,9.5522648340262,0.0164687924162914,6.10039639873774,701.22927247001,4851.32158150675
4,42,10.1471450052161,0.0319825274418198,6.56507934379149,474.770695916939,4455.92741991693
4,27,9.61022816822544,0.400584480617175,7.1879470942824,461.608277348448,4487.45078657891
4,31,9.3734138291084,0.0303937471771255,6.22948306474954,584.488207930499,4959.70176665132
4,25,8.61131030787639,0.00456925574722829,6.58988328781531,563.190869347087,5869.52488470358
4,31,16.9762918996032,0.171084008978164,6.54992405027867,504.543871047806,5267.39018940101
4,99,7.4727142255547,0.0768423006312926,5.8736194018927,471.203098517043,5179.37860212707
4,7,10.5217726361617,0.00418194677973124,6.26499782307344,557.994270454328,4784.04801989509
4,53,9.26594684190938,0.0843865161351396,6.36203694693763,562.665149170899,4561.51751174625
4,22,10.793370200918,0.731209129694949,6.52086201660492,473.129147643712,4894.47683312252
4,58,10.0928754680974,0.0938337827667503,6.74585591824962,460.55317572479,4939.94285068271
4,20,14.5831937476758,0.658162979745128,5.84110692542157,502.183661374076,3823.75933988439
4,17,11.171306987835,0.0142117264542896,7.4196125135291,603.577754224684,5747.5247951216
4,34,5.15516638592269,0.102445770941641,5.94611481142051,441.411125036043,4235.66208610973
4,52,12.4632021666897,0.0532421171399259,4.81576986156119,472.532014035652,5404.1790614969
4,158,9.60289004596416,0.270072955134407,6.6338981585103,579.04887167513,4923.76810996969
4,1,13.6183972318448,0.178758322660666,5.47644627447423,625.439148338019,5514.29916961712
4,7,10.0430129485841,0.195582335929601,7.06912111421771,393.335868326382,4977.26372612875
4,2,12.2303973207684,0.0157332565591159,6.57128401679527,479.012668096599,5061.36951313718
4,14,12.6811405064932,0.575755638086521,6.31892462044001,522.432606586331,5288.1014661749
4,20,6.568443998016,0.168975617060887,6.40831029031287,696.064346048009,5470.55217759969
4,48,14.2551184941526,0.123041198259109,6.54279879988801,555.07803231394,4781.62058081189
4,32,11.6558069755793,0.00124906570446092,6.41864980727744,638.962899320821,5330.2855146299
4,18,8.75708373618558,0.00626688389105693,6.30132119326711,346.621154550142,4948.01285936281
4,145,9.52066306474896,1.42180568109729e-06,5.95352199362229,583.630140302451,5462.65818390237
4,116,5.94659462625503,0.0360406745218253,6.62633117319051,482.314265494148,5381.62986694912
4,116,9.45076453938534,0.00902510038032759,6.41528796111758,512.001779824767,5601.43594486311
5,57,16.0013034762639,0.0385450946496966,5.9537811703972,518.087800601643,5415.95575350858
5,48,12.3652128255471,0.111182326966844,6.08678586186509,279.68502768493,4751.11611054361
5,4,10.5697111394669,0.443509707820259,6.26953919628671,366.022239445016,4989.17070063534
5,75,7.5117209922665,0.00892713996288112,7.38141224908734,603.484258760284,5974.30139380302
5,17,12.8738655053273,0.0138678887035127,5.98855617949619,718.118591825198,5553.42655314485
5,2,3.81943968140389,0.0242330430847721,6.51540661670462,551.518595702225,4810.8206311377
5,41,10.7386306240614,0.120616625709954,6.23673950363855,462.844412813908,4687.80349079041
5,23,9.68568364350312,0.113221075306019,6.00725829376399,363.588752552104,5139.61877559241
5,11,10.9670083204434,0.631236151077199,6.8741170240555,549.1561813592,4489.01632498731
5,146,12.1147745972605,0.0285492085367394,6.38322979557099,393.126992626748,4996.83010954128
5,195,14.1937060518864,0.00179435047220555,6.19367507053834,407.334363450336,4886.09175306648
5,23,10.2299223889956,0.143879549698127,5.79522624028968,526.454059048075,5506.87135532504
5,40,12.4607189948197,0.0292585069135149,5.91466750791373,470.112957709871,5053.79726181338
5,92,12.1977023630708,0.215410700999791,7.92935313171329,407.109879846221,5106.11058852384
5,223,12.2185797532346,0.00239617426175728,7.04323656830746,512.04065257429,4534.56281183398
5,116,10.2296299277109,0.109355582191072,6.95747323012177,372.696296228515,5150.89716844166
5,155,6.75950944181008,0.103728487213152,6.33763494336336,474.531177703405,4493.89293087532
5,6,7.58670315926837,0.338742140087964,6.34454177588128,594.618535839723,5476.26860718858
5,168,5.32117377269151,0.13028517996664,6.65335726537517,430.312966640498,5290.61885925953
5,131,11.831559465333,0.0130920479154508,6.21826093709505,519.232310250223,5854.26438503035
5,11,4.84788123692184,0.132381519531614,6.44042183416773,562.165887391613,5055.46247031276
5,201,14.7255423319457,0.0647580694706252,6.17231085067653,634.436058356943,5421.13827927494
5,157,9.69436471603665,0.103812122492677,6.40522181460055,373.840884026488,5351.414191773
5,63,8.70226567498159,0.165872884281349,7.55654472396088,522.705371834891,4617.42179063347
5,0,12.5585001916364,0.000937343825559565,6.86195060437854,523.322566460561,4696.01207023079
5,214,9.12168698045903,0.0652982665839667,6.48505999297358,606.989646810099,5591.22949861605
5,82,14.3788139739794,0.221401500239435,6.85006054311723,607.888673512948,4377.32990852279
5,1,5.84666427771229,0.419784608298368,7.05435432807676,320.677580294336,4900.197377607
5,0,12.4162931686925,0.176116698774972,7.350220935794,523.27024533221,4674.4699134269
5,74,14.2468800335741,0.444201496068076,5.60249132772637,493.197884640865,5531.86024835488
5,82,16.2960522032518,0.395354871525424,6.51955033900688,456.16520506263,4859.61679319799
5,36,14.3346243448692,0.0800401733732572,5.86946699778308,377.621007083166,5172.43686979982
5,100,12.9423909279747,0.0577850129411967,6.69667761344111,527.520427265899,5277.69917851285
5,7,7.25131864561363,0.207314886172201,5.7099971702993,558.059366529317,4261.69569179002
5,19,12.9750466706719,0.445331075392061,6.34876032709101,518.643669667838,4205.66092355203
5,21,12.9644927681805,0.0460011592375358,6.26024231172328,229.443124326511,4026.73400061686
5,79,5.11117371698706,0.144892824566544,6.86867225696518,697.409348815439,3487.36322666106
5,158,7.3190329792588,0.00194298462588411,6.70284432916132,371.898292697359,4717.67448177162
5,147,8.22623933796216,0.092244953198385,6.53633468639362,583.079220370937,5196.07178143899
5,139,9.9605556441541,0.08715552230486,5.90508360975873,423.191364010096,5818.98176164997
5,126,8.15285529907426,0.00286991305138391,6.00429963739955,492.160093753564,5473.14365104429
5,62,14.6862829821909,0.0177442885402975,6.91557130365018,543.753849978165,4594.81648337195
5,2,9.35504124475724,0.195027835257803,6.52423496080256,514.019022492826,4651.14130020414
5,8,8.6649197446397,0.64171115805218,4.98650975030046,620.633480709861,4807.16940169266
5,43,11.6796496963116,0.564166124529235,6.06474323402942,545.827921271722,5201.48458079184
5,20,8.79903687727473,0.00447824715155906,6.80764359319349,391.016187931063,5162.66089048195
5,59,6.32501867898329,0.0148263361098742,6.39783338325667,627.75210351626,5335.65419742814
5,0,8.43075825204083,0.423470816088787,6.99359326476674,533.859184201133,5309.23581206816
5,60,10.5658210078211,0.0190029730562169,6.28498709305282,509.013578874639,5610.48986095357
5,46,8.77173841608306,0.418843830317649,6.68709400826368,661.428418109042,4953.38690453459
5,1,6.61799574127574,0.165196595929637,6.67605494910664,506.671239087093,5164.65071895567
5,39,12.6774528582722,0.0451578604905662,6.18986686821421,411.111664155873,4939.75809501607
5,97,7.43036425009353,0.174953993980668,6.72557120857988,582.114599160199,5211.28597263674
5,20,3.20372555705728,0.000345044804128832,6.38777865034493,653.618416354181,4739.5316226579
5,23,12.2991161717081,0.300302514280742,6.33634753699899,530.425387812594,4634.79860850652
5,18,12.8886319562068,0.00449643192736401,6.18874670510193,553.636240568442,4015.61114023268
5,249,11.4078927471562,0.0946783813673113,6.21552429450701,428.812134592,5021.83211691575
5,115,12.2118554907081,0.0732023097004869,6.48210018982358,533.029941352569,5456.00057864359
5,59,6.3714210840395,0.0645300795208912,6.62118695314102,590.024893418329,5373.01734311762
5,33,13.6932338534235,0.537462638181729,6.57000397146904,524.562403873815,4823.45145568079
5,17,11.9610536070151,0.259347009581396,6.69075780777739,419.871630099341,5164.33978288615
5,33,11.9062312667569,0.399491458997136,6.69902795091573,547.897032252904,4937.80770738722
5,69,11.6131518971487,0.489626441309108,6.8123482355841,532.714803371161,5245.05280771498
5,68,13.5405739572199,0.0273166577947066,6.33719919297368,539.318408928341,5055.11695765248
5,45,5.28614337548218,4.49238859269814e-05,6.11169890107469,493.604291308962,4875.7260152014
5,25,9.87042014343082,0.625400785743464,6.7364795619676,327.006064606933,5741.48485780117
5,20,10.4109297061283,0.0275877973211593,7.07343692587861,581.930236144614,5641.3622568933
5,92,13.8919745002374,0.050059620860055,6.65074630994935,429.767936175523,4896.34982315903
5,194,15.5522985743872,0.0576310101079838,5.7859610101454,557.968646614028,4815.13591780887
5,18,8.24138433124287,0.341507733720237,7.07772094956017,673.053891960537,5601.94736420693
5,12,12.3209400085359,0.105411268535425,6.8516946504874,431.725449696347,4902.5193542125
5,89,9.37486870628624,0.261791060375323,6.30661878193471,513.437488773434,4245.59677299742
5,149,9.05414164047496,8.34282031978541e-05,7.27744114539432,408.919933205969,6070.74734488092
5,34,9.87707618172018,0.106492192238426,6.82334071929443,470.523697439543,4260.84501510559
5,13,9.35352498331922,0.124197370230868,6.81190989988785,518.671513219215,4950.34209215037
5,131,9.88867853058946,0.00776207650317601,5.94364830362539,507.470693534091,4692.2339807038
5,46,9.81752894119033,0.0880638443490384,6.4509551913029,427.918355745946,4284.3563759163
5,101,7.79148474050822,0.425847947724935,6.64928916440012,426.656152609178,5577.47788752151
5,141,8.3741800794518,0.00134779875824684,6.43834662341104,512.110115025626,5473.14395607004
5,23,11.9760380424246,0.0130411229466532,6.2001252875819,504.367214709854,5791.23951517422
5,68,10.9179955878541,0.0143624313667026,6.18714512354101,649.357009163002,4878.37800016392
5,52,8.19806475522565,0.393020833679989,5.29864789061594,421.52547553043,4050.62237273427
5,9,7.91647723353546,0.009412502925996,5.6492366069502,447.345884123849,4721.68388580184
5,19,11.7566795476544,0.00859314567966733,5.9576564276562,567.587623325197,5285.94714479278
5,22,7.32680576231348,0.00460138188943479,6.25309709007142,558.845380162657,5005.59833126179
5,12,11.0438705270677,0.206411541500122,6.17170416083392,516.465110351741,5368.53624101336
5,48,9.3026146335751,0.107518855239086,5.93557226914486,411.319908449572,5718.62106536637
5,32,10.7050240651481,0.0194974975508493,6.68502066104789,461.195979498105,4890.42358909497
5,67,8.52583525102354,0.000220158306786087,6.68341440367075,462.460048633272,4502.54088129318
5,10,12.9952786754848,0.000248885760881985,6.92543688526516,539.589007711917,5255.18877562526
5,37,9.93936138124847,0.000253699768642278,6.81146662363151,593.177860262183,4469.47973973694
5,111,9.5988514130149,0.59265644473015,7.11014440349169,532.925655516033,4728.04538279482
5,248,11.1589094636253,0.0101299161659006,5.93571301051353,519.00553474481,3764.53795725308
5,7,9.38516016355398,0.00657651784498179,6.29389050100886,457.060824339789,4787.38507783575
5,33,7.44562175614918,0.137084725306583,6.98034242635196,437.638424494938,5388.68555783273
5,38,10.4339565997803,0.0834650758342362,5.72901358834989,423.723721456463,5461.13975400068
5,36,8.21070340712625,0.151499600445387,7.33788519817151,313.986035391416,4574.21153404758
5,56,12.8402747966791,0.0587778522146359,6.57056942681924,485.814311352962,4793.80660726422
5,5,5.43779571585401,0.399094878259449,6.58900924589967,485.331841535903,5665.71058887748
5,254,11.6641829561183,0.0476381599715378,5.99732339940661,302.01862454843,4988.07160561508
6,44,12.3257584160588,0.154444262924943,5.42400017567159,385.917262785161,5318.48572174305
6,13,7.80643669490205,0.00910207168050029,6.72391669776525,619.015316330485,5683.32513338903
6,236,12.3971128592422,0.221598188399787,6.76901164060016,255.401001081912,3909.46037067694
6,17,10.0476059230773,0.0148017131027269,6.23415260697085,476.828400752639,4781.54977095902
6,16,16.7005254527542,0.102782523145683,5.77662876326852,449.806106114666,4668.37217664254
6,26,7.51590245776607,0.315307912728437,6.36016694862627,348.585085855209,4571.12489800865
6,19,3.72987430549229,0.0252141374709231,7.08631363076259,516.396059969547,4464.16780878708
6,215,15.2980815959468,0.243705301659052,6.93723734751368,451.429937654222,5182.73715262
6,141,9.7558258871715,0.0776512856723603,6.03929951621755,622.452943590172,4618.60783060385
6,32,6.77382558185418,0.0202516068818113,7.25602035930882,583.558959019232,5650.90016189257
6,88,10.2169330138211,0.0159224112517008,6.40281423521742,203.469032474183,4934.19473173012
6,27,11.3357958296544,0.145808888992891,7.37404230822332,435.148058071818,4771.88621576744
6,7,7.19397617386843,0.268085760954119,6.57021630635718,465.017848066935,4248.59898968688
6,90,12.6669304195136,0.0289643076699164,6.2997102012956,412.391323999701,4638.11132952724
6,156,8.30658722715992,0.212775174651189,7.03677875971424,482.081081492749,4577.83504582418
6,17,7.46565731899788,0.124736496024582,6.45044762350944,517.422567676614,4411.88938225222
6,98,7.97847372442137,0.00818294692303453,5.71635425368567,415.660604804849,5115.02433183404
6,17,8.84871368125839,0.0293505944218382,7.35323250440498,719.62502738118,5484.16384393161
6,81,9.3091800595845,0.0113169556674094,6.8546442558607,615.548186001723,5339.95692636327
6,1,3.63487277424401,0.000698371022928368,7.88066222686774,530.094155224756,4736.78187546457
6,165,7.58033193510946,0.153394198817385,6.30465934631496,597.397331604411,5706.7203091664
6,30,8.64132475282344,0.00524954800190074,6.31979684359005,275.203283030438,4316.28053965747
6,62,7.70318041273666,0.227440130425688,6.95716865744179,422.92812265959,4011.67242077767
6,41,4.11329029277062,0.307344074707531,6.06586572784562,450.670186936898,5564.33732806239
6,72,8.89562630251565,0.493143924004012,5.69536555845412,572.769823073659,4886.51385063972
6,45,15.054999175295,0.0230113261489023,5.97119163145043,352.815840401957,4798.55114345358
6,6,6.58743569193797,0.46049874597026,7.16144470058026,485.38589158964,4678.31027277778
6,13,12.3618140821366,0.53671773105009,6.05527132959928,486.353936666808,4095.68489034881
6,12,12.1930758024326,0.214294129339215,6.9347627575983,655.312850700179,5608.20158990254
6,28,10.997550950255,0.241320997901263,6.35706121912292,589.612971335481,5619.23374514327
6,35,7.43574283447367,0.00274313679282795,6.44530167705074,469.782419082713,5053.61379479485
6,21,6.51906900046446,0.0163734146266972,6.91145711039756,609.855353922793,5356.09770822813
6,282,9.25704221236603,0.208853692201275,7.01718229766604,437.660242493215,4729.83910084143
6,4,11.8900282922593,0.325403717298579,6.81981756914043,397.78113155662,5164.17631107975
6,55,10.6871483165296,0.0021385558375384,6.71687936745028,422.852999930294,5295.9124989048
6,385,16.083520365336,0.0820431178320865,5.78103010622424,542.838238875483,5142.97501955972
6,161,9.55774641767686,0.0373843257305356,6.35842361781533,357.721313744213,5258.9393574553
6,14,7.47852592689542,0.172069280263369,5.69201325556678,624.675903796737,5232.02451621211
6,13,4.50109274454346,0.225389974333427,6.98539193606684,539.61250601591,4848.46199380909
6,35,10.4914180000361,0.104109395703913,7.01939323639969,474.893167581845,3946.94772445911
6,22,6.63401618695294,0.117715722390946,5.69703403213028,591.462791004216,4245.4370891824
6,3,8.54088883172059,0.0536954709301452,6.68069162615623,380.394210751162,5228.6382954426
6,101,10.9896405304218,0.000144562365172675,5.92887864450878,496.641889165459,6160.67692695982
6,46,6.76804023033974,0.252944559969703,7.4126395059834,514.633631610436,4820.42839555486
6,24,8.81821530292654,0.0925579839570599,6.36147829644288,520.287167945102,4989.36521443819
6,293,14.7266083029384,0.06709487329083,6.48820151762107,377.717738006597,4715.69913285953
6,52,12.037317418107,0.00352993095927593,6.67407522672987,403.643557623259,5504.05782115099
6,182,7.9539788450614,0.00842559457904726,6.48168960864472,632.957026004178,5320.06332016332
6,59,8.86391775089966,0.0472971507401,6.81884952002526,427.334658297128,4636.21181779494
6,43,10.1010928916608,0.0505277300996793,5.82143211218083,394.53367584151,4729.17533450746
6,111,12.1615604220715,0.306490794053096,7.10316434788174,505.452797591071,4554.18498388996
6,37,11.2162018535067,0.00409684244441292,6.75197928452763,460.069079086212,5155.44937013075
6,133,11.3082080708998,0.213861534063087,6.38216575776241,489.588974764983,5217.40869227706
6,18,9.37890313404575,0.0463464702462994,6.24739046448424,567.888660416574,5336.96110520732
6,72,9.35956648740124,0.0822944927659234,5.47201213334296,599.337620346392,4868.61342780807
6,78,10.7229657572403,0.00466284345481061,5.4131101632058,682.10530447887,4398.92403280729
6,28,4.90258407502937,0.0580984235931924,5.80081243145268,381.879706945733,5718.94936110858
6,45,14.5840858903722,0.0963719764711447,5.31747376517991,396.525012130701,5057.9586669832
6,114,9.10628874932436,0.351800481775388,7.27583666232134,428.862939407272,5560.66339293667
6,24,11.5519762126161,0.197989072213842,6.92451789135958,517.256032614002,4644.87797174478
6,221,14.0273771901161,0.135968818454479,6.19844912366024,452.65856688907,5232.00440514973
6,75,15.8917415475887,0.094527443918496,6.83815507578737,564.011636361378,6146.07918672945
6,18,8.10102569871269,0.336607628410027,6.86177060969246,577.87220709935,5017.94138812176
6,11,9.6921421618221,0.00267066180052356,7.27224897519851,630.960085508618,4930.84513227057
6,51,4.99112382455462,0.00541797979093439,5.79066381250127,463.501115187458,4958.60889894766
6,124,10.7736716229562,0.16946543809279,6.25530911045,364.72045406364,5610.74877099973
6,105,9.7508429234248,0.00387393802105394,7.50971040923038,460.565142392397,4536.71773443721
6,89,11.5712824922159,0.730128629408541,5.81233225313555,563.752287609797,5223.1402017649
6,30,10.517247482547,0.000239011451683102,6.87836040566779,464.194070228235,4753.41455322135
6,80,4.43820657239745,0.0758071153475114,6.96739903273241,552.006914086398,5381.52461588513
6,74,7.00407847488329,0.0431504531594552,6.60654868442129,613.641735288554,4820.7210047266
6,109,7.13910788505813,0.0504121585102816,5.99492823619256,408.369807832783,5614.58146979124
6,20,12.4324528577105,0.465791593017519,6.75188182166579,458.46745672386,4488.5580910465
6,93,5.58031777449087,0.09048844974533,6.39776999854212,549.172956409788,5087.44207980379
6,55,12.4728021024489,0.0445062207744636,6.26897300292724,695.304329809264,4830.73090789975
6,18,14.5995814933646,0.0056437699949129,5.93925151970162,368.256616253765,4969.27853953167
6,80,8.29659556655935,0.527370217653015,6.31534393994902,603.231461371037,5757.01163792996
6,59,9.48810538573512,0.358526974944889,6.73387361050318,377.353907285728,5004.48409169492
6,35,13.4255068038037,0.00632776950610812,5.95444738496565,380.824523740092,5329.31671765671
6,86,5.68217993653543,0.00385255718047007,5.8868263143016,519.856131462213,4221.00433554746
6,17,6.33542445337815,0.00155255903475212,6.44370651794674,409.202895995686,5121.73868054941
6,44,12.4962635949981,0.00368512228414923,7.14293116140057,480.606073596192,4907.45712693658
6,102,4.42912201489154,0.296961281883339,6.08996934729373,616.894139418743,4962.03029759009
6,65,7.31255926981233,0.218287171167118,6.31916756760619,377.662762215502,5162.03407160162
6,109,12.3721912331689,0.405860733998825,6.43054954214177,505.555984787809,4527.00108062847
6,147,10.5209682397267,0.114174592883985,6.4013316963183,638.380227960731,5456.06042282162
6,65,10.4129943548573,0.455165467726688,6.22885530628627,513.991693163817,4351.299237842
6,3,7.08446304467963,0.147409329766676,5.85550625879395,360.67905023553,4193.57957182623
6,1,15.4328175429751,0.189289501458294,6.67018693287937,671.313050539843,4669.0099405709
6,250,14.4644905881086,0.000462894044157575,7.08701112052561,634.707161079058,4839.84190751323
6,293,10.0354742929773,0.0215597845319845,6.20372540060177,656.809630993517,5276.02380369029
6,22,6.29935658367292,0.0693557023790615,6.23231737042812,605.33588123603,4998.3541094888
6,1,5.91801327722775,0.585060564611232,6.61989636629856,610.7906359014,5407.6057725197
6,73,11.4493055985459,0.411573725332469,6.2079856399468,439.629549100823,5625.63059248931
6,2,9.17039123348644,0.00646111782398075,7.0006831347976,422.739531841025,4786.81125205827
6,5,9.05483436953023,0.144171348460933,6.61955268000193,658.397394047785,5077.01847141488
6,72,8.99144206442896,0.0121174434744455,7.14480941584588,370.850449991488,4241.48767138461
6,144,14.4624706095039,0.107543831287473,6.24568519395886,427.945907709014,5824.87636130162
6,5,11.5391612382849,0.224816741831564,7.00741677966835,429.623611336548,4674.87358058658
6,34,9.07750822174898,0.00992790979380426,7.27862356244204,650.873976542802,5300.22643021858
7,43,2.25195245677262,0.0722455848183203,6.7963962530447,526.588266885974,5812.78532240539
7,29,13.8662097176902,0.0394234867140133,6.08221107791766,497.086352126707,4904.69859760668
7,80,11.8112809046986,0.0137914297033942,6.25786721217422,401.389202786071,4514.35536702227
7,428,10.3906040286051,0.0112073295841402,6.19426268570799,659.135143366998,5779.43502329721
7,39,10.6486196767499,0.25619188972809,6.77625046447954,492.427160657417,5814.50952831554
7,173,7.48963609864226,0.470270870761523,6.37134888141677,610.348269940972,4151.90290051177
7,12,9.6633527125824,0.0887840300236639,6.31390657267113,499.36109514587,4703.84848744592
7,19,3.71015163350858,4.79511572721084e-06,6.27506807963698,478.940929694773,4313.9167715726
7,35,9.74014415770069,0.242679031878809,6.31124495137867,552.541989838081,4923.20576834259
7,13,8.51582790663499,0.00599085039326148,5.99450968002442,383.847563571798,5758.5325476419
7,17,6.27584286370537,0.020723364695176,6.70301800295645,592.393520270135,4670.05674738389
7,55,13.5858926908518,0.632901494486745,6.44360127745868,542.485651326851,4402.15396496253
7,87,8.04348115373931,0.260745813166981,6.53649486778795,594.097647503922,5031.66935040382
7,0,14.7818981819109,0.0583543771501442,6.80448546412993,487.142284874975,4637.28597769001
7,147,11.4370501036568,0.017136862920872,6.98397081533656,427.085691708967,4615.08579810059
7,129,7.40430972048645,0.0256002814518926,7.24849307749035,509.511871810598,5792.35371626447
7,70,12.6485616599793,0.00354688882320947,6.50750959487951,672.968105304959,4927.51016084695
7,84,16.81197471382,0.139957363542894,6.64463123064235,424.48309758955,4683.93508744387
7,84,10.1499699342634,0.4260624146748,7.19728376847111,621.737434587546,5469.95984250559
7,26,10.4283813739794,0.680667645337489,6.06256301124161,502.205520533535,6271.60756352445
7,9,12.4472193614323,0.209022001595854,6.87744314154633,404.2665408887,5070.31451800891
7,0,6.77906478868686,0.241437958517729,6.71533139870161,401.145450711923,5525.4595677094
7,45,8.97798876157996,0.00835777812129964,6.76385715169476,415.151114099247,3849.94968459173
7,25,7.78332687240745,0.0629891614547928,5.80119172098287,480.921273763477,4805.22529222783
7,12,9.40341621804591,0.342116899569871,7.22362202258818,478.033178548426,4652.33832384682
7,6,12.6426664799527,0.208779234517557,6.22901336186897,467.788269600991,4144.39005522884
7,162,9.15736839018005,0.00388182972762188,6.53165428929215,376.437576119814,4658.5505774115
7,49,6.53918145385822,0.00149513865542728,6.36284178444364,488.058349436274,5203.16727525912
7,17,9.52286326816301,0.273335302541787,5.69400436117961,627.808232349818,4854.30585903369
7,60,9.5210662271915,0.0341885090330993,6.51953670969894,491.444119506983,4300.31750835925
7,63,5.86628607614161,0.0852830473216054,6.84247213468058,653.541237875138,4702.5400366765
7,5,6.98878496857656,0.0696403788139282,5.92559466216911,583.586311212812,5030.14140921938
7,25,4.94240261074883,0.369691877204972,6.45680678288454,403.486972812957,5343.86463623674
7,213,9.00551375415252,0.0923833826100505,6.43721190350448,438.471908654397,5074.43869816192
7,193,7.58060371584228,0.0105458960701854,6.26206139868848,664.578833235177,4255.3561016083
7,44,13.6964412935411,0.18048429557705,6.61539419711389,424.156844087229,5097.61320259126
7,22,6.68060784684213,0.000947703352855671,6.5669259492304,550.266698544688,5018.22256354423
7,41,12.0937264081822,0.163069461964841,6.02112201862208,445.197606548876,5654.30198392331
7,12,10.5506834694906,0.00458846747260966,6.70485630268216,446.162540638384,5015.20698367876
7,105,14.2209025375385,0.303367693393221,5.9684792523015,370.568759328571,5557.54903814382
7,19,7.65053692773813,0.0684393777483737,6.72180088332735,476.520893479976,4706.17641437216
7,2,8.49179451965003,0.000107680235343806,7.18177462781838,564.663396298033,5186.7296903502
7,8,12.0999352528705,0.262210639367698,6.45363442263744,462.496427502854,5832.89301656328
7,20,12.2829582606066,0.0259921386918806,6.11712411562008,650.763188502069,4972.97866065282
7,33,10.5774950284717,0.00782997884171993,6.84153246164518,424.472042824962,4539.30017998313
7,37,6.0973241796843,0.0871882555805018,6.25555046890674,555.629253228747,4880.37102794058
7,26,7.18209689346372,0.0106500118528425,6.82406451888516,570.446501745855,3902.24164214662
7,44,16.0236569814715,0.00866092869317269,7.22056701103857,436.368280491538,5121.15638737365
7,80,8.52346897487804,0.185612696134813,6.51901845334554,564.940504273696,5185.0686125625
7,42,3.87381826605728,0.128000099566074,7.0282191202636,532.21502065241,4773.89462225786
7,17,12.9524429074518,0.174874462604421,6.46015904935006,406.000878875154,5209.91575598982
7,33,7.49457513332849,0.102744237783373,5.96656703960957,509.816228246203,4517.42686462333
7,95,8.76917055148633,0.00624988533783192,6.10088151576764,455.86961207684,4628.0016035766
7,34,9.17006765745098,0.214451780068736,6.81703663543097,493.092290231897,5261.13857902231
7,220,11.6610493683432,0.0760584469653832,7.28276180551112,456.810701456536,4668.27749130418
7,26,13.2611060458348,0.210203219710746,6.35614276358586,650.34980110668,5390.91064669692
7,34,8.04528508827305,0.00177974903288332,6.5743720030817,514.413321060385,4899.78316914861
7,112,9.05472911075473,0.0458752635731139,6.4113887877817,395.939319397134,4238.86382980543
7,12,9.43916257058082,0.0105162060778327,6.37387606889906,449.477463928993,6399.39408053242
7,58,10.0806122481817,0.0752291790406087,6.40005594695285,487.312347667979,5384.98561549292
7,22,11.7688589830091,0.0135736683937052,6.59954912285185,307.803387066913,5660.63596872352
7,94,8.28059376385835,0.0938730253197592,5.56678165617926,645.978822007758,4114.27526895843
7,69,10.4462177707576,0.439245422801169,6.86951129879487,582.523170689058,5572.66623816311
7,91,12.5553967318646,0.000203325326602047,6.23460988593892,571.985748735689,5136.1001893033
7,44,4.9511832696242,0.0010162140125069,6.39493946180361,522.158565099531,5085.36106631279
7,105,11.5581047074706,0.0663460398319336,6.66985602893336,381.988820861853,5391.19928883129
7,21,7.84417720687132,0.0078761280008073,6.00229907500836,512.756043612114,4296.87110924847
7,123,12.5616375755456,0.0268814785341241,6.94529715965597,509.610643343022,5527.98033568125
7,26,9.81300641468249,0.262251818858388,6.77193032737423,398.272511210717,4453.90340103083
7,6,8.79341746860998,0.0474644224265732,5.81031764647244,619.831718446371,5268.20579637834
7,25,11.4979249870147,0.396695499669971,6.63707290174817,372.449645794542,3916.18819070849
7,4,9.59517032822185,0.022464803501437,6.27706088051401,484.409441129283,4994.52339558779
7,67,9.20566174033913,0.176756734811104,6.25015270789473,512.655839472951,4578.5850295233
7,6,7.70848920018657,0.00956246731330237,6.10799276926091,474.103095219536,4896.60481996138
7,24,8.71787026594528,0.329748763919806,5.73811494211692,445.43948143885,5125.34569980428
7,11,7.30342064771047,0.00114176727897471,6.33202340458535,469.309712628877,4728.42389483496
7,2,9.89574764905811,0.668494388674618,6.55213330392652,477.595804863868,4562.77992940563
7,4,9.83335559214816,0.0268676135003225,5.96597019127066,522.630245618175,4838.1366039481
7,50,11.7603774156416,0.104177491391525,6.555338883675,613.902405633352,4613.83133734094
7,7,5.7975476812599,0.00575036648469885,6.33383003080356,436.392485621399,4532.64725956928
7,28,9.60933976739645,0.000672774410258902,6.11183407814572,413.309500525027,5491.14535687567
7,178,11.5147726215618,0.0087006618072223,7.06700808919258,508.096140210082,5713.48585682849
7,88,10.8960820973231,0.184110583021775,5.6485594932722,487.972648450552,4722.7363720678
7,74,18.7775754319063,0.0712642511591288,7.63820242575878,618.810033102646,4807.57522146454
7,7,11.7050655536618,0.0766018488982034,7.12711803150336,631.998629015441,5474.94407319857
7,179,9.29977652705356,0.0908250704510999,6.33235084355564,509.800217483073,4958.54292606035
7,74,11.9437833393733,0.0436843570011611,6.82734780081659,496.40599207469,4916.77463157264
7,42,10.1182036765533,0.012048999899588,6.16658029098438,402.456016156053,5062.4675544149
7,2,8.30098039053451,0.313317970370597,7.15522415844647,465.91025243409,5531.0443358012
7,58,6.49129556593616,0.0541180272913278,7.47285527405363,525.147343676461,4320.44914698414
7,19,8.98536465403517,0.00701392351232066,5.63497536420262,389.705231739781,5189.33236147121
7,33,9.24642917723061,0.0951684692658331,6.10515878934988,410.830189593192,4994.96563102492
7,25,12.4801770403188,0.0765261131739041,6.22050387294053,439.219073341223,5421.95288923912
7,44,12.9714132064297,0.108786638035133,6.63129142329671,523.858614550413,5061.87764677608
7,35,12.3294431535683,0.051999399817501,7.78765805041051,313.943434406489,4845.90947658471
7,43,7.58216141297411,0.0022320272491451,5.93298986433296,452.338301520791,5017.97705818404
7,42,8.79551323368323,0.130776959227541,6.63581142887594,463.121200338863,5469.7099928907
7,180,15.0600864941217,0.0124309952462145,6.3382019149669,381.309645664504,5171.37001297454
7,75,15.2458165046256,0.0514009931230186,7.18194160185306,549.38174117869,5491.21071045871
7,125,5.26062856091808,0.0628128275986816,6.19887430085736,558.00508855988,5356.33455681782
8,16,7.11702743850759,0.772368613868393,6.69123713536176,597.420363945365,5092.5467099266
8,82,13.5043330281263,0.0118021450366813,6.2791536248423,590.121685055527,5434.56854000935
8,252,9.49011028426607,0.0161948889885498,6.22301317544684,633.319628603687,4624.93561370316
8,7,7.05731052647896,0.240367400268947,7.50268909428744,576.859965228894,4895.01590346773
8,53,8.43190969465371,0.597963122486579,6.80256127676764,718.258097617315,5588.39072450663
8,11,6.87151826186984,0.091020752509138,6.50329975366131,519.142729748683,4684.59925442752
8,97,9.91825412240525,0.0592656343715224,6.59007198797689,438.363633659762,4826.56020173251
8,94,8.31227867074152,0.135667433866114,7.25631499487036,579.936543722102,5240.68438084947
8,106,11.6234438947574,0.139994446462293,7.0697426412548,360.648201233892,5898.2013089695
8,23,11.789198534513,0.0614012673055543,6.08812791672556,417.064237355685,5224.47526710549
8,100,8.49212288703113,0.102161227503641,5.48113960228941,585.267052886391,5237.18284077792
8,121,8.62704303698243,0.476793861346766,6.52711103859394,277.8464554844,4086.90256110665
8,56,10.360912413102,6.14365998057944e-06,6.04830629318077,400.722644451339,4955.89528720753
8,72,11.0579486118429,0.0696287578380202,5.69030289648184,541.965913932084,4900.05027275767
8,121,14.8721682668055,0.105337107628032,5.78010991122823,538.196805794286,5276.83810883905
8,15,8.90680218074993,0.0014282849354994,5.99709818273582,545.768279217424,5309.67440768082
8,54,9.42642691838382,0.0050037700586124,6.62811615655696,626.352869359008,5616.49886645497
8,202,15.4002584734581,0.0196864306888665,6.33406089152612,416.8107070597,4237.43526669726
8,17,11.6130791482945,0.000413898105240388,6.51719534031245,369.324861090887,5124.64823951112
8,295,10.6723928289258,0.095031514304085,6.72580362089207,704.729968196472,5789.60756353209
8,46,12.5799647183019,0.0045890246287153,6.8846556729197,419.288522633322,4865.85069479452
8,53,6.6053560419484,0.200457903612937,5.87910812251407,539.035869410381,5201.71112216423
8,91,8.21760987252902,0.00862738253908648,7.05503974381492,568.638350129419,4294.93408036147
8,1,9.91599723656273,0.146395220747678,6.5437768089399,676.93479147553,4980.44898929266
8,41,7.26513340465484,0.0395829638886294,6.57354503171529,477.328146551693,5400.93282689645
8,76,12.9064345723655,0.0152678920373701,6.92200631216807,377.022234252243,5175.49708381639
8,79,12.4245482217964,0.134608771858848,6.9981802394491,328.208626940725,4656.69788928091
8,42,13.2309878651584,0.581566026187116,6.22378102736469,518.71414579549,5226.84660611484
8,38,12.63002313298,0.0193323651113002,5.89483315887927,585.146198906594,4964.98665761975
8,38,9.60538124837345,0.196720107845886,6.79194242422869,559.900566883117,4465.55165560765
8,6,6.93606910299791,0.175183324122555,7.37268615209774,571.653167815625,5249.40487506121
8,22,13.2061526260379,0.224105378608367,6.31133322091958,603.909549522845,5191.81129085544
8,16,5.98307332431533,0.771312187610647,6.11041660262435,389.73236284836,5351.84328262087
8,181,10.3305131623739,0.531137929990056,7.17462428348574,288.436276776261,4568.84277904726
8,2,5.10828864286324,0.229188214824713,6.18300955310732,621.282657605504,3865.31939344922
8,21,8.91439044321543,0.0740713268325128,7.29349375146436,409.238256557182,4913.41000120459
8,32,13.2435154031038,0.0207274867613722,6.64875489022308,692.420154834292,5273.21694014319
8,8,11.2488798484367,0.0166772258847588,5.33253941269692,539.892273608134,5428.73870375718
8,33,15.0844968766118,0.217762937421776,7.230908100944,649.482678370493,5028.70793433204
8,90,6.37131595703791,0.00964089590330735,6.47640063938237,509.272469901792,5624.40760973323
8,308,9.5981508767698,0.0268198364524739,6.35196543890658,393.386385329974,5475.85614094824
8,76,6.07675660640267,0.117355126686778,6.78904745375068,531.294611435918,5992.57273798849
8,2,12.5295737737689,0.198111400764876,6.67949606646191,484.04676727056,5149.16206579067
8,193,8.08009474282309,0.000174836017013435,6.9682318528071,404.681747816345,4947.76143473856
8,19,6.22276383353,0.101479557691223,6.13231828143686,612.843261151656,5682.03935794906
8,153,10.2453472746808,0.0430195562495968,6.55969936152037,364.249520087138,4662.4086116508
8,50,9.41972678074135,0.262652412758172,7.10637582292429,605.82858816176,5036.87362558259
8,61,8.99003113506751,0.2988490669164,6.50676896175754,458.46153561287,4642.61134506374
8,42,13.1227450065815,0.357328029995451,5.87007415983091,507.91259987811,4665.32091384456
8,57,8.76865844486775,0.101326625416973,6.95555749518177,456.663408027805,5727.39261029834
8,25,9.34718269858944,0.0296708889931738,6.70020365521134,407.20458809473,5138.83063393846
8,130,11.9084740246218,0.0746006992630612,6.20985649092551,429.735517108151,5311.03894104123
8,149,15.7842175210579,0.040821476626331,6.47109819999048,586.898944710985,5136.22604185977
8,89,9.90493807898641,0.0336248482985128,7.39885255720951,480.534268261727,4153.87601432125
8,137,13.3164094210962,0.0431964263210908,5.44426317136805,560.217037512976,5212.55778119533
8,105,8.79582382857581,0.0925569983562218,6.86175769655015,566.282326061629,5856.46906003302
8,176,9.70577060204877,0.0226346155984549,7.21662805539644,426.631804345468,4648.95540054214
8,101,10.4854049717061,0.0176855064038349,6.39935061292676,497.420167887999,4924.52491559501
8,1,6.41267256560154,0.0149746156502943,6.92261739468551,414.305180274065,5439.79847008944
8,62,17.0900714780894,0.0790111592879773,6.24598691312589,622.031562471135,5024.28687229423
8,2,7.01923902611228,0.0044136560882503,6.00236145736208,468.205915028119,4499.04581853133
8,52,9.54074810310571,0.0901813696561397,6.71257095829887,520.205415129763,4933.20720282239
8,52,4.5292894264228,0.0907812284893019,5.57325336916409,558.607735456321,4596.11459025399
8,16,9.38171279108571,0.00066165814387603,6.54204395050163,413.729003587564,4112.25761405182
8,36,4.17654662569272,0.280509510649405,7.46096556188167,549.592917114646,4864.4448106697
8,39,7.6164185632925,0.0596739904418742,6.10422853446702,606.791722447192,5491.51174798795
8,0,8.90826985673844,0.487038929432912,7.06844955944484,501.890212081398,5042.45235797342
8,36,10.8056420559152,0.0246966926850154,6.52610073199631,578.220366515657,5350.61068057092
8,2,1.25099026751588,0.414787776175996,7.08321736312164,637.449393361442,4605.84480718216
8,6,9.18742314993061,0.0115706167589585,5.43226460651351,622.431730164036,4615.30180179668
8,2,8.56261349136868,0.299446319226548,6.57216598434328,459.789327947116,5808.85187025946
8,17,12.2250102143374,0.525622052688451,6.83251473297005,506.288035705354,5398.09041880838
8,104,8.77060169958216,0.0404701643445686,6.13226730119745,676.057901581712,5080.24762967366
8,26,9.93663302153799,0.107012082579688,5.64541517808089,316.675467501302,6290.07723915745
8,228,8.93370497796172,0.0455464458853793,7.22772245849344,443.116449759751,5058.4513505164
8,120,12.6310996540092,0.00710346779218817,6.07241732048359,622.479529698141,4823.64510027701
8,27,6.42361969555444,3.44122303264596e-05,6.06670939250656,488.333207298497,5608.35716714223
8,59,6.73156579685133,0.441697540880747,5.82846670248493,472.944456571033,5111.94551991533
8,93,11.5308758635515,1.02303149144392e-05,6.95286005285527,446.890885899549,4838.37994963855
8,62,12.1187432006571,0.116674400489529,6.82282833486211,402.726077401652,4498.80113118246
8,20,10.4449257898138,0.0059475677757982,7.22644366753232,382.423824457869,5136.26784638119
8,26,14.1567564572644,0.074443141400138,7.05611711137279,307.598457116309,5580.06025155626
8,144,9.4963107965408,0.168216321192522,6.62605081859744,583.173700041091,4222.55270335096
8,60,8.30827343206261,0.945375474393939,6.55221096315883,669.206188709965,5187.73381281091
8,8,10.8012772030367,0.0756188251000024,6.36366941100427,486.357100809122,5298.5274704036
8,39,7.18277678942389,0.000292083735463233,6.23377635319577,471.486239322169,5098.18504886938
8,46,5.04138748348753,0.0969833036185182,6.17741725151813,382.435774387082,5143.45826084985
8,92,9.98974257092508,0.443316480248968,5.97418301006678,493.296899529997,4579.40888918771
8,155,11.653447771794,0.0167374538299653,7.03332809335125,581.14321660066,5438.97810736662
8,59,9.15251886413349,0.236505253775304,5.96936898391641,630.02625540964,4706.58120155582
8,25,11.8198122808817,0.383796223741066,6.66715291671819,406.205713263221,5049.27712855867
8,17,7.74797428363087,0.0818273835953318,6.01826366751295,560.735353454648,5423.62629596834
8,46,14.6881187512466,0.0364611325247955,6.55457707668657,445.367111201421,4648.65669912022
8,14,11.4086445720438,0.00880148795694437,5.97216159780415,305.447393624137,5531.02130481915
8,34,7.21447023587727,0.0974939685525187,6.92616104006446,520.570568402013,5418.40114062942
8,62,19.2429883070266,0.000809707006247591,6.78312944038654,550.246098799053,4381.54250894329
8,77,13.0817053574168,0.0480544666003513,6.1067899805351,489.815705539714,5421.09443521254
8,37,13.4304243059855,0.00650486139746318,6.28155665299694,629.055111347476,5181.1802391627
8,54,7.44718309107116,0.0752107779150467,6.48035221888474,528.067538408145,5079.26929359238
8,20,13.5427858802183,0.00415721336526296,5.95434190531771,487.732475480633,5263.24508312471
9,66,9.45247805512189,0.0277913100700893,6.45515618524244,844.201723257298,4757.55770107427
9,16,9.4062951201982,0.0422162514906291,6.54557568036311,570.390061754396,4058.88305917663
9,70,13.3108740733498,0.081984981183261,6.64371254407499,360.199679746924,5070.29120497727
9,20,8.78193472457363,0.736049277119191,6.60878387208727,467.317861478302,5277.66686260844
9,7,6.19083256286959,0.069620527991068,6.37522876345501,478.026880295248,4378.98426291883
9,19,13.5244900020682,0.0807112484677823,7.35659590112477,473.358942243099,4305.89900576616
9,8,6.74599653128533,0.0106499851307845,6.05784685141841,565.014778660353,4874.55418062416
9,57,8.38380711518367,0.28212828273389,6.55497151793932,394.80154677456,5356.1532959716
9,14,10.7518823866066,0.13400045440605,7.41290964351977,577.236754715058,5618.29949573319
9,83,14.3093367661294,0.00582573775832946,5.81904852749153,604.31920053941,4508.60016538514
9,74,8.23989547637328,0.283042042964155,6.58397781217866,520.50774363121,4430.31182860492
9,101,12.9576958356231,0.242086355300449,7.13980699944888,856.688405531864,4430.106069041
9,93,9.21883785865336,0.00388184226490656,5.81675506850078,342.218703062483,5341.22832053953
9,15,6.67924257512505,0.0739290935105209,7.31281327033612,600.335273836423,5345.87331233842
9,3,10.3156827968836,0.128914832414148,6.50511445882117,472.464224053245,4714.6762057635
9,17,9.61308808081425,0.469414666796899,7.24431148939106,621.247739403623,5333.5617478104
9,30,11.5059747358293,0.0344262280912961,7.60945273116442,430.055282384615,5137.95802495566
9,48,6.84776307366167,0.0610803337597565,5.91316259225386,619.413898291404,4652.98134959582
9,10,7.9123463538299,0.0234180116022872,6.95617224944711,594.126428333036,4938.38155389387
9,68,9.55962214744516,0.0257894029731501,6.5171303435023,557.124650067313,5883.56720891515
9,22,7.07303614585865,0.00659468050157406,6.12764784627995,625.616999535293,4658.62185057725
9,0,8.42817241527797,0.061867048706809,6.46286101337888,513.113067865857,4809.89850604904
9,72,9.72987430261531,0.68366621567547,6.95348073913807,534.429574127798,4854.15812005508
9,198,11.9009371162343,0.651759403308919,5.77331906592914,357.910677622827,4630.29519964084
9,67,8.04934724725285,0.0623663370249686,6.33276054421866,568.926455150818,4661.91015791907
9,20,13.6316396699798,0.20161940316901,7.17919165484295,460.806457175704,4437.05512863001
9,38,9.12321342629073,0.0737759281142876,6.53303627887637,589.489613736277,4983.98988473447
9,40,9.3546240691314,0.126582142512111,7.18534471662552,526.665710544429,5898.73750943537
9,2,6.57889786253114,0.17325568063816,5.90577504937177,591.063478418172,5073.23823858082
9,215,6.92049486225425,0.0295442083533459,5.99199015795073,528.156894732671,5041.81035760085
9,63,10.6771544719911,0.0114935724458619,6.19897976587054,585.097720916637,4077.05945835021
9,11,6.02300010237071,0.114616409376534,7.19992935608106,383.834709114809,4555.6066471207
9,11,9.51015598310471,0.0418409229803559,7.57563837839377,686.350999313561,4671.84559374401
9,59,12.5798347447126,0.00563509773709114,6.09978153799652,408.17722908973,5099.12373975961
9,24,7.36734263635747,0.035496392202146,6.50143375448524,444.395365914351,5408.58932672802
9,1,11.066408941957,0.00417302503241053,6.8607286572646,542.690322046213,6172.11613983091
9,17,8.39858817033073,0.0162617052259716,5.92490049620243,587.474368066812,5049.54769993926
9,0,6.08357081953708,0.304362326313216,7.67306558105328,405.340031994795,5538.30894754019
9,97,13.7662003283245,0.525572020115039,6.31647921392929,553.330007482707,4560.84839372787
9,6,7.26891883527456,0.0724766553386855,5.54180142704824,518.325574548508,4558.69595284683
9,27,5.17497164115315,0.0192049441553322,6.26939455508373,392.612839202806,4311.56211652068
9,27,16.4590407102328,0.0917360692754147,6.71113398731785,407.431774086858,5410.53752054218
9,19,16.5677547660813,3.03309478108876e-07,6.55281369867716,563.861878257275,5483.02970986158
9,9,4.58123252784008,0.00805185097841252,7.57542210043742,660.674368920388,6047.04625846545
9,89,12.8869642411697,0.068241303640013,6.40850458877697,432.263093334742,5609.7158058055
9,238,14.8660670138777,0.00432542112337569,6.45814586049663,696.056780353328,5311.89249825783
9,176,13.4404633489444,0.167644229146326,6.32266981408139,414.232785672034,5027.7779415315
9,43,11.4507264455807,0.38940354560031,6.44486626922499,531.916914618106,5820.26876337639
9,169,17.1337020137647,0.00392248655756993,6.90013533366347,480.327422539686,4800.02438253232
9,36,7.28608919272759,0.0439602803924046,5.7615863144677,637.775394019208,4630.01496433025
9,17,10.99149654069,0.172198248893691,6.26365481632592,510.937233521336,4970.61836376655
9,1,10.0911736648859,0.0145086946979897,7.43335580216503,538.741746805256,5619.15552588776
9,63,14.9638066011224,0.023303417572384,6.08580697629558,368.017681867795,4642.93272834891
9,119,8.92029799294915,0.255891669765735,6.23488729490462,666.523096619247,4784.33410623471
9,19,5.15416008677129,0.00554843338022904,6.59971464760378,632.496658078637,4405.9550967966
9,3,11.3162491743191,0.250624561635365,7.63116994836871,606.791788478519,5331.20796823993
9,64,14.5939866396875,0.0499980635841115,6.77584095234109,532.768064135698,4655.07079367203
9,105,7.6092606245454,0.276659899471881,5.93034651411155,629.586934061318,4567.06618558879
9,130,8.91586062645194,0.423813572638455,6.18798696299491,432.287104330722,5206.07591731701
9,2,8.54195322346595,0.00966647820421096,5.72691524054217,424.18202887198,5121.61731116592
9,58,6.59743055959073,0.117713525750162,5.9222895927257,620.591769674415,5170.44384058865
9,21,5.77978023969105,0.00220354388224319,4.95104093413462,626.402288406156,4590.82803468836
9,217,8.14159519251982,0.243659411821737,7.30468028166278,632.55019230728,5000.88947841982
9,64,10.6809645244626,0.00555596732217881,6.48400727903647,623.069535365144,5056.25164165527
9,81,11.2140515914028,0.0975992166110291,6.2539301684896,415.146859221172,5178.75485467798
9,16,8.96412367669511,0.0107382543202238,6.5571792747314,504.95254882907,5275.33352064931
9,42,13.458486318407,0.156073489536659,7.11806844392483,417.817707011129,5030.34300748407
9,136,9.66607384623123,0.347604465033672,6.62802556928079,362.884008351028,4451.55492173676
9,50,7.77877788217076,0.0153763560130708,6.19885679906067,619.058532136217,3935.84471166941
9,21,10.1111623982547,0.0296594819526131,6.56723344551268,410.211753031992,4262.41248374453
9,159,13.2883516949854,0.441415757745966,6.16259193002101,605.370165962607,5058.13745771388
9,71,12.163878388096,7.66948710437311e-05,7.02858050111676,180.468409289906,4585.5884049023
9,205,9.39975616390516,0.0121829269804042,6.42382463129214,414.476181033586,4481.82266265741
9,1,7.46138673123668,0.0155929419675173,7.66091798958923,422.134124945948,5509.96388721348
9,10,14.8524679185386,0.0577343922679163,6.57750239446782,556.883149602499,4953.13972706815
9,36,16.2471303426851,0.0731644217163615,6.54239353369884,495.181044344582,5050.90207682523
9,147,8.15610381544096,0.00309054659555668,6.39278262191424,625.516552728226,5239.56496187675
9,2,10.7336326379313,0.32244800304617,6.34228006245761,490.500230110818,5227.09092918955
9,61,10.0265995006467,0.00713305656039967,6.60862788280918,599.258877695659,4795.77063648429
9,12,8.13478633822542,0.648921415179837,5.85182705394862,409.69891586887,4263.94952876853
9,204,12.4429174707493,0.0969031809344112,7.15153830819747,382.78804539825,5430.82714833705
9,27,4.20364278026733,0.53258930540154,7.15629952031363,384.245652296113,4634.34572985153
9,142,8.84634871005296,0.00297691874405385,5.76293929487445,440.12046399361,4976.84454175207
9,44,10.6803770194367,0.151919169688998,6.34185386198818,594.754950490202,4956.71227607242
9,40,11.9648161697924,0.000591942646321623,6.8867754684136,496.064752222042,5425.56282507177
9,7,11.7350180538229,0.0757862362112437,7.31735885687003,574.85691832189,5857.16668182194
9,84,11.3862665591567,0.417415235336272,6.70259199465544,506.809713277909,4449.26653305045
9,29,14.2878339256635,0.497467033631477,6.63921960561852,485.81745055727,5346.62511038213
9,49,11.9276546902774,0.00188558663371831,7.41241492161718,439.440296676544,4375.44096502671
9,35,12.7919146513033,0.0794150139644719,5.54735753815046,666.710271261391,4598.85288599645
9,28,8.79303365700513,0.158086548877383,5.76301807751469,403.256706134747,5474.92842861209
9,174,14.3466213859714,0.016439116767123,6.96770489925296,544.800451641148,5135.5869387111
9,12,8.38601451017195,0.000687212964027982,6.16998523060304,301.331805030556,4335.53200894707
9,9,6.89573765700432,0.0887697220165497,6.28740170439767,448.934129221953,4884.25349214095
9,181,12.9827933749631,0.197005509219988,6.54949413045539,575.144100457144,5202.77400829046
9,57,4.32126084279428,0.00922629397747937,6.04103533149921,442.087512435484,4946.35558562819
9,269,10.4187089750473,0.00822778312254087,6.0808245376453,521.58682795889,5579.25884898723
9,118,16.8726825202093,0.202532033855251,6.6626824504088,523.959378987652,5657.39633463674
9,29,13.8135389104082,0.0864247512758958,6.82241432125772,505.215517962136,4696.54980902554
9,30,10.1044118332593,0.0772988002734186,6.04266977685762,339.54300009862,5032.83151888611
10,10,11.416268254364,0.432635204009663,5.96769841159756,470.717312409005,4580.41055755145
10,101,8.22271364699946,0.0958692182003312,7.19448920432586,608.87544106232,5907.66096434819
10,3,5.25230885670399,0.0363799485284562,6.4956916100354,386.242182526462,5350.60518637817
10,9,10.6358389197185,0.0188911416401961,7.02315551571601,464.581319612635,5117.54987916868
10,65,12.9714216809062,0.253979169155518,6.3071784005164,398.523195567752,4608.51973366123
10,14,10.000303366668,0.0160908890506345,6.679954358939,504.547077415995,4853.72526824771
10,8,8.01342398918115,0.0163672315171634,6.40608850058951,636.002302977206,5482.03266887451
10,13,9.29059683357523,0.268329602349089,7.44177662161912,556.314645483211,4500.16279143956
10,58,10.1124383914723,0.140422248786,6.09812330034502,478.645891886823,4295.10273988033
10,114,15.7376299123953,0.0709908023655078,6.45209870807704,377.253626806028,5049.20078094615
10,11,9.7489592207173,0.24923773711792,6.38685939104378,478.686024817231,5240.55702630163
10,186,9.27930959858581,0.0649023472846294,6.07932393893824,399.789442224039,4940.81942244918
10,1,6.40873256007361,0.0036426709205892,6.71873214628321,466.486913795723,6087.3695585446
10,277,11.8828633621598,0.165938357243299,5.57245326542854,525.376932824613,5201.55543988414
10,96,9.73701004448778,0.340301912204923,6.64123960077937,370.727704059047,4293.50856187048
10,136,7.83353268803758,0.0108198441219161,7.10669129348205,558.644340373098,5029.28680590444
10,39,11.8592775757044,0.000724539419248656,6.18706062991903,529.374791158713,5147.14786848205
10,14,10.6346063449016,0.744219838076357,6.41675181459259,470.73318191298,5360.74860943764
10,170,10.0474099939913,0.139577286688897,7.25847745743795,392.364160764675,5135.32525340293
10,30,11.1980965083241,0.401746699375352,6.57542010934784,604.499260792039,4741.49214583222
10,62,10.5652061170645,0.0742002048754456,5.49870673528264,378.070130458878,4792.37794160485
10,60,11.8002772911595,0.447198789567274,6.92196160918583,406.527503765135,5929.33805576941
10,114,13.0144609473243,0.000375995230659014,6.03836241416223,546.212547328052,5082.64482467235
10,205,10.1994079239749,0.306803710461627,6.42728490272417,486.271581789207,5050.67601890059
10,2,8.45290304467629,2.99150497187008e-05,6.25339941759645,570.811440532751,5109.92692137738
10,59,8.85158406704851,6.3836271639494e-06,6.49843323000704,573.586921217624,5068.58828731011
10,4,5.04196588107433,0.0903477681640356,6.30922505013164,364.239437672304,4794.79641066922
10,109,12.4515212944451,0.106510564368674,6.43976583188293,504.303814383925,5092.19070984123
10,134,12.902899074449,0.000263671069857051,5.22561198602849,457.354905214002,5929.18829486849
10,118,14.5815372191519,0.0874354270714569,6.15951115385423,572.155293047133,5062.9498178464
10,31,8.03904836448581,0.314555934148577,6.67478925337189,526.916251793051,4480.9184612157
10,58,13.3301516523056,0.401168446079761,6.72894046411965,450.236201539106,4918.97510906648
10,79,6.19361186812469,0.032539758412446,7.1593475964068,403.259848205496,4926.19979584839
10,5,12.6349812271314,0.12375664347159,6.52303042337307,438.112980729267,5081.41436041494
10,71,16.5409028650663,0.00133803391346297,6.8568397261071,721.670806863421,5472.7236017317
10,42,10.592490951289,0.00122535919173357,6.66342922504719,515.551577737974,5178.17826304566
10,129,14.0569517363115,0.400908777151872,6.06126795426428,441.51070399701,4850.94691873872
10,206,10.5452551296395,0.00775329810859942,6.73937330749239,392.111250868298,5384.32077894738
10,22,7.45002630256,0.196914983002762,6.62735995937795,666.532544434975,4968.46385535331
10,67,7.94847404671583,0.201108519021211,6.27981911566452,426.372686309518,4742.76131383591
10,68,7.43725394502312,0.00333480091002292,5.67845530942797,435.94486544266,5070.17123057084
10,188,13.7694770479595,0.014470857437203,6.42037163812134,398.936965147144,5262.79625360769
10,4,7.2777560078566,0.204415839227187,5.25260707663286,382.672033986657,4993.32561502491
10,170,8.91575927918842,0.030092264609869,5.72717290336125,488.741307523063,4702.87377862806
10,133,11.1319253083699,0.114168209297184,5.84104497643612,518.493739939862,4737.27544185443
10,64,13.7409823307399,0.507423250446767,6.43096357401787,333.819805089321,4997.43903115154
10,113,9.85946457212027,0.0612139456486473,6.09025202231155,404.609977501925,5258.62824622367
10,275,11.2050752828869,0.037480439569348,6.73554215144,517.3430019676,5122.49955086408
10,76,7.11420222132562,0.0876287066995446,7.02823328113012,562.045373769118,6268.97765228351
10,25,11.8285549438545,0.00710401290070799,6.59924465063906,623.468934041724,5198.21544223714
10,1,15.024164785378,0.157271788706763,6.82608073824035,483.553050668036,4981.08466332955
10,30,14.4174091007394,0.0139560024718739,7.9770707301272,415.643022791402,5260.3974405975
10,102,4.19120437595119,0.075718485112632,6.39551235536952,373.605864936722,4745.6029838211
10,196,11.7833072581923,0.00190385540384988,6.63730371068604,546.316562687686,3937.34408984972
10,28,7.83577951732793,0.178253121193512,6.4158644528219,855.69072481264,6048.62932403916
10,17,5.25664918767227,0.225228883402452,6.67356932138182,423.172264953593,5218.00406134307
10,23,11.1190445757591,0.168587251444731,6.21334140316621,418.338376676235,5687.09385491793
10,13,9.45686566352116,0.0906969599359247,5.48362854267435,509.212894627923,5085.88824699203
10,87,10.1847690467989,0.170052318313607,6.10823729130867,577.422152845358,5062.82930457268
10,141,12.9340367529016,0.0430196553500708,6.62632928571168,473.133570087744,4739.97241368503
10,316,13.152062528517,0.018895973499278,6.40081508283331,510.769224657934,5968.23417825995
10,12,7.5699832315949,0.057667943481768,6.11655944091125,501.983605408103,4576.52958855663
10,54,12.1811697938978,0.0413814487053114,7.05194199477097,439.405912669052,4552.57087778447
10,43,4.24293593907132,0.598781098114003,5.46268443422121,594.318516808711,5150.49166036151
10,27,8.58489795965816,0.361013250408546,6.32083101131403,421.220572948594,4558.55556835096
10,10,8.96874477285796,0.00270118301183469,6.18745558804876,457.387427773283,5693.60579490418
10,9,8.93841691056228,0.223192914809211,6.26840958413297,245.173019533394,4309.2599589911
10,229,11.0749154980685,0.0760568734644363,6.65268005021448,324.550408204348,3972.24627557131
10,21,4.63329606256437,0.128996500397056,7.3295479005589,421.025136595583,3889.58701473573
10,9,5.17254676095611,0.0773229399158309,7.38261954984486,381.226978567421,5389.60154714007
10,309,12.9579074483855,0.298562744086345,7.27818267318395,386.032342498843,4592.71787788471
10,34,8.29313968545982,0.0129094336631053,6.51999091926586,421.231158271373,5577.98007331069
10,4,6.79890812653861,0.111970434680765,5.92118059353569,520.830217009018,5263.13100458214
10,25,9.17946076157776,0.344051313543086,6.87534593802696,703.808589355568,5605.26789395673
10,201,11.5355296284555,0.111397382335361,5.3445239470963,428.356425292718,4533.41550355839
10,134,10.6520042353169,0.213293609924587,5.97531259514455,652.730878342782,4695.04236241094
10,146,10.7374504431929,0.187042174882782,6.75948159813655,504.508907792468,5390.57277403115
10,40,13.4812868410313,0.057181630231344,6.8454994832444,414.096848915215,4928.112470806
10,4,7.47944530421607,0.0115736661811234,6.14782097727765,392.84035414734,5024.00877245185
10,38,4.01321689757406,0.11505112442511,6.98389868990221,601.520115327498,5676.24860787229
10,17,5.8312935729098,0.453980497103984,6.95379539420177,447.937947281207,4925.58325848731
10,2,10.6760380801311,0.00426765242385289,6.73650337431137,441.959977496912,4351.88389447601
10,14,8.97460830483489,0.0486148742719239,7.00210931585407,447.64950345526,5324.21580020222
10,17,4.81320014891923,0.19256457016615,6.01197548572431,602.788474458198,5219.0416238935
10,65,5.96587001122061,0.0805110959028805,6.76097067585057,687.402596385312,5147.58948502762
10,62,10.9610362013104,0.104822512688988,6.04485040917774,548.569034042096,5921.85716771171
10,143,10.109295566283,0.47070551487141,6.4743687457604,210.509029777388,4458.77488859267
10,0,4.09330558539286,0.220181769003811,6.74566553660619,632.695836144032,4781.08111878451
10,8,7.36236705696396,0.0854078755879034,6.68985928683187,545.529629730838,5295.13088278516
10,79,9.02679244688613,0.0007577411831071,6.93684788520299,386.029974944651,4649.89512973952
10,22,7.18186155258712,0.00291451474558915,6.33749666662056,615.890554615206,5710.71998564271
10,13,12.416335650054,0.0176979459288055,6.83556860427404,390.491204992331,5957.3323304404
10,9,9.01095691813754,0.0146001195470667,6.78892793416252,485.779889651918,5161.29318431367
10,5,6.4149872783228,0.211270422581515,5.85883880484137,442.157288042683,4938.13111019217
10,44,11.7331589191177,0.0664133738368371,6.63569988803491,478.656584535806,5017.09339632537
10,24,13.1515280169422,0.0595516435817182,5.7796826878962,538.788826583585,5644.46305907456
10,127,4.02783694170629,6.06496917505016e-05,7.09468779505945,479.031619553637,3814.63144832395
10,12,8.6572902182836,0.0137913566060965,6.51535002268826,379.543305627168,5575.37079821639
10,30,5.73820904825328,0.286059596076862,6.17911263335841,508.787649656933,4989.82997673882
10,13,12.3120724752139,4.72616333491593e-05,6.24265680765753,758.648601213211,4126.58321456842
